filename,Anth,Bio,Geo,Sil
0000-01042016_223.wav,0,0,0,1
0000-03052016_312.wav,0,0,0,1
0000-04052016_23.wav,0,0,0,1
0000-04052016_230.wav,0,0,0,1
0000-04052016_232.wav,0,0,0,1
0000-04052016_233.wav,1,0,0,0
0000-04052016_234.wav,0,0,0,1
0000-04052016_235.wav,0,0,0,1
0000-04052016_237.wav,0,1,0,0
0000-04052016_239.wav,0,0,0,1
0000-04072016_212.wav,0,0,0,1
0000-04072016_61.wav,0,0,0,1
0000-05072016_4.wav,0,0,1,0
0000-07062016_41.wav,1,0,0,0
0000-09052016_15.wav,0,0,1,0
0000-09052016_152.wav,0,0,0,1
0000-09052016_154.wav,0,0,0,1
0000-09052016_155.wav,1,0,0,0
0000-09052016_158.wav,0,1,0,0
0000-13052016_129.wav,1,0,0,0
0000-17062016_86.wav,0,0,1,0
0000-17072016_117.wav,0,0,1,0
0000-19072016_45.wav,0,1,0,0
0000-20062016_209.wav,0,0,0,1
0000-22072016_31.wav,0,0,0,1
0000-22072016_310.wav,0,0,0,1
0000-22072016_311.wav,0,0,0,1
0000-22072016_312.wav,0,0,0,1
0000-22072016_313.wav,0,0,0,1
0000-22072016_314.wav,0,0,0,1
0000-22072016_315.wav,0,0,0,1
0000-22072016_316.wav,0,0,0,1
0000-22072016_317.wav,0,0,0,1
0000-22072016_318.wav,0,0,0,1
0000-22072016_319.wav,0,0,0,1
0000-24062016_199.wav,0,0,0,1
0000-27062016_88.wav,0,0,0,1
0000-28062016_287.wav,0,0,1,0
0000-30042016_47.wav,0,0,1,0
0010-05072016_116.wav,0,1,0,0
0010-06052016_135.wav,1,0,0,0
0010-06052016_280.wav,0,0,0,1
0010-07042016_230.wav,0,0,1,0
0010-08062016_311.wav,0,0,0,1
0010-09062016_147.wav,0,0,0,1
0010-10052016_216.wav,0,0,0,1
0010-12062016_274.wav,0,0,0,1
0010-12072016_326.wav,0,0,0,1
0010-14062016_208.wav,0,0,0,1
0010-15072016_217.wav,0,0,1,0
0010-15072016_54.wav,0,0,1,0
0010-17062016_149.wav,0,0,1,0
0010-20032016_239.wav,0,0,0,1
0010-20062016_118.wav,0,0,0,1
0010-20072016_41.wav,0,1,0,0
0010-20072016_58.wav,0,1,0,0
0010-21072016_23.wav,0,1,0,0
0010-21072016_230.wav,0,1,0,0
0010-21072016_231.wav,1,0,0,0
0010-21072016_232.wav,0,1,0,0
0010-21072016_233.wav,0,1,0,0
0010-21072016_234.wav,0,0,0,1
0010-21072016_235.wav,0,0,0,1
0010-21072016_236.wav,0,1,0,0
0010-21072016_239.wav,0,0,0,1
0010-22032016_113.wav,0,0,1,0
0010-23062016_223.wav,1,0,0,0
0010-24062016_250.wav,0,0,0,1
0010-24062016_251.wav,0,1,0,0
0010-24062016_252.wav,0,0,0,1
0010-24062016_255.wav,1,0,0,0
0010-24062016_256.wav,0,0,0,1
0010-24062016_257.wav,0,0,0,1
0010-24062016_258.wav,0,0,0,1
0010-24062016_259.wav,1,0,0,0
0010-27072016_325.wav,0,0,0,1
0010-31072016_40.wav,0,1,0,0
0020-02052016_232.wav,0,0,0,1
0020-04052016_214.wav,0,0,0,1
0020-05032016_232.wav,0,0,0,1
0020-06072016_142.wav,0,1,0,0
0020-07062016_15.wav,0,0,0,1
0020-07062016_153.wav,1,0,0,0
0020-07062016_154.wav,0,0,0,1
0020-07062016_155.wav,1,0,0,0
0020-07062016_158.wav,0,1,0,0
0020-07062016_281.wav,0,0,0,1
0020-09042016_235.wav,0,0,0,1
0020-11052016_8.wav,0,0,0,1
0020-11052016_82.wav,1,0,0,0
0020-11052016_83.wav,0,0,0,1
0020-11052016_84.wav,0,0,0,1
0020-11052016_85.wav,0,0,1,0
0020-11052016_86.wav,0,0,1,0
0020-11052016_87.wav,0,0,0,1
0020-11052016_88.wav,0,0,0,1
0020-12032016_86.wav,0,0,0,1
0020-16042016_261.wav,0,0,0,1
0020-16072016_42.wav,1,0,0,0
0020-18052016_230.wav,0,0,0,1
0020-19072016_209.wav,0,1,0,0
0020-20072016_229.wav,0,0,0,1
0020-21042016_212.wav,0,0,0,1
0020-21062016_277.wav,0,0,1,0
0020-23042016_149.wav,0,0,0,1
0020-23052016_3.wav,0,0,0,1
0020-23052016_30.wav,0,0,0,1
0020-23052016_301.wav,0,0,0,1
0020-23052016_303.wav,0,0,0,1
0020-23052016_304.wav,0,0,0,1
0020-23052016_305.wav,0,0,0,1
0020-23052016_306.wav,0,0,1,0
0020-23052016_307.wav,0,0,0,1
0020-23052016_308.wav,0,0,0,1
0020-23052016_309.wav,0,0,0,1
0020-23052016_31.wav,0,0,0,1
0020-23052016_310.wav,0,0,0,1
0020-23052016_311.wav,0,0,1,0
0020-23052016_312.wav,0,0,0,1
0020-23052016_313.wav,0,0,0,1
0020-23052016_315.wav,0,0,1,0
0020-23052016_316.wav,0,0,0,1
0020-23052016_317.wav,0,0,1,0
0020-23052016_318.wav,0,0,0,1
0020-23052016_319.wav,0,0,0,1
0020-23052016_320.wav,0,0,0,1
0020-23052016_321.wav,0,0,1,0
0020-23052016_322.wav,0,0,0,1
0020-23052016_323.wav,0,0,0,1
0020-23052016_324.wav,0,0,1,0
0020-23052016_325.wav,0,0,1,0
0020-23052016_326.wav,0,0,1,0
0020-23052016_327.wav,0,0,1,0
0020-23052016_328.wav,0,0,0,1
0020-23052016_329.wav,1,0,1,0
0020-23052016_33.wav,0,0,1,0
0020-23052016_330.wav,0,1,0,0
0020-23052016_331.wav,0,1,0,0
0020-23052016_37.wav,0,0,0,1
0020-23052016_38.wav,0,0,0,1
0020-23052016_39.wav,0,0,1,0
0020-23072016_208.wav,0,0,0,1
0020-25042016_140.wav,0,0,0,1
0020-28042016_31.wav,0,0,0,1
0020-28042016_310.wav,0,0,0,1
0020-28042016_311.wav,0,0,0,1
0020-28042016_312.wav,0,0,0,1
0020-28042016_313.wav,0,0,0,1
0020-28042016_315.wav,0,0,0,1
0020-28042016_316.wav,0,0,0,1
0020-28042016_317.wav,0,1,0,0
0020-28042016_318.wav,0,0,0,1
0020-28042016_319.wav,0,0,0,1
0020-28042016_8.wav,0,0,0,1
0020-28042016_82.wav,0,0,0,1
0020-28042016_83.wav,0,0,0,1
0020-28042016_84.wav,0,0,0,1
0020-28042016_85.wav,0,0,0,1
0020-28042016_86.wav,0,0,0,1
0020-28042016_87.wav,0,0,0,1
0020-28042016_88.wav,0,0,0,1
0020-28062016_58.wav,0,1,0,0
0020-30032016_61.wav,0,0,0,1
0030-02062016_44.wav,0,0,1,0
0030-04072016_289.wav,0,0,1,0
0030-06062016_288.wav,0,0,0,1
0030-07032016_115.wav,0,0,0,1
0030-09072016_257.wav,0,0,0,1
0030-10062016_54.wav,0,0,0,1
0030-14052016_76.wav,0,0,0,1
0030-14062016_10.wav,0,0,0,1
0030-14062016_101.wav,0,0,0,1
0030-14062016_102.wav,0,1,0,0
0030-14062016_103.wav,0,0,0,1
0030-14062016_104.wav,0,1,0,0
0030-14062016_105.wav,0,1,0,0
0030-14062016_107.wav,0,0,0,1
0030-14062016_108.wav,0,0,0,1
0030-14062016_109.wav,0,0,0,1
0030-16072016_7.wav,0,0,0,1
0030-16072016_70.wav,0,0,0,1
0030-16072016_71.wav,0,0,0,1
0030-16072016_72.wav,0,0,0,1
0030-16072016_73.wav,0,0,0,1
0030-16072016_74.wav,0,0,0,1
0030-16072016_75.wav,0,0,0,1
0030-16072016_78.wav,0,1,0,0
0030-19072016_287.wav,0,0,0,1
0030-20042016_315.wav,0,0,0,1
0030-20062016_30.wav,0,0,0,1
0030-20062016_301.wav,0,0,0,1
0030-20062016_303.wav,0,0,0,1
0030-20062016_304.wav,0,0,0,1
0030-20062016_305.wav,0,0,0,1
0030-20062016_307.wav,0,0,0,1
0030-20062016_308.wav,0,0,1,0
0030-20062016_309.wav,0,0,0,1
0030-22052016_115.wav,0,0,0,1
0030-22072016_330.wav,0,0,0,1
0030-28062016_28.wav,0,0,0,1
0030-28062016_281.wav,0,0,1,0
0030-28062016_282.wav,0,0,1,0
0030-28062016_283.wav,0,0,0,1
0030-28062016_284.wav,1,0,0,0
0030-28062016_285.wav,0,0,1,0
0030-28062016_286.wav,0,0,1,0
0030-28062016_287.wav,0,0,1,0
0030-28062016_289.wav,0,0,1,0
0030-29062016_140.wav,0,0,0,1
0040-04042016_229.wav,0,0,0,1
0040-06062016_129.wav,0,0,0,1
0040-06062016_47.wav,1,0,0,0
0040-07052016_223.wav,0,0,0,1
0040-10062016_235.wav,0,0,0,1
0040-10072016_278.wav,0,0,0,1
0040-15062016_107.wav,0,0,0,1
0040-16052016_330.wav,0,0,0,1
0040-17062016_135.wav,1,0,0,0
0040-18072016_236.wav,0,1,0,0
0040-19032016_44.wav,1,0,0,0
0040-22042016_45.wav,0,0,0,1
0040-25042016_147.wav,0,0,0,1
0040-25062016_171.wav,0,0,1,0
0040-25062016_224.wav,0,0,0,1
0040-26032016_240.wav,0,0,0,1
0040-28042016_46.wav,0,0,0,1
0050-02072016_234.wav,0,0,0,1
0050-03052016_315.wav,0,0,0,1
0050-04052016_285.wav,0,0,0,1
0050-04072016_199.wav,0,0,0,1
0050-09072016_171.wav,0,0,0,1
0050-13062016_42.wav,0,0,0,1
0050-13072016_43.wav,0,0,1,0
0050-14062016_216.wav,0,0,0,1
0050-22032016_233.wav,0,0,0,1
0050-23052016_46.wav,0,0,0,1
0050-25042016_107.wav,0,0,0,1
0050-25062016_21.wav,0,0,1,0
0050-25062016_210.wav,0,0,0,1
0050-25062016_211.wav,0,0,0,1
0050-25062016_212.wav,0,0,0,1
0050-25062016_214.wav,1,0,0,0
0050-25062016_216.wav,0,0,0,1
0050-25062016_217.wav,0,0,0,1
0050-25062016_218.wav,1,0,0,0
0050-27052016_107.wav,0,0,0,1
0100-01062016_299.wav,1,0,0,0
0100-03052016_88.wav,0,0,0,1
0100-04062016_115.wav,0,0,0,1
0100-06072016_281.wav,0,0,0,1
0100-14042016_66.wav,1,0,0,0
0100-14052016_283.wav,0,0,0,1
0100-16062016_130.wav,0,0,0,1
0100-20072016_10.wav,0,0,0,1
0100-20072016_102.wav,0,0,0,1
0100-20072016_103.wav,0,0,0,1
0100-20072016_104.wav,0,1,0,0
0100-20072016_105.wav,0,0,0,1
0100-20072016_107.wav,0,1,0,0
0100-20072016_108.wav,0,1,0,0
0100-20072016_109.wav,0,1,0,0
0100-20072016_47.wav,0,1,0,0
0100-21062016_117.wav,0,0,0,1
0100-21072016_38.wav,0,1,0,0
0100-22052016_47.wav,0,0,0,1
0100-25052016_303.wav,0,0,0,1
0100-26032016_46.wav,0,0,1,0
0100-26072016_324.wav,0,0,0,1
0100-27072016_18.wav,1,0,0,0
0100-27072016_183.wav,0,0,0,1
0100-28042016_130.wav,0,0,0,1
0100-30062016_330.wav,0,0,0,1
0100-31052016_140.wav,0,0,0,1
0110-03062016_72.wav,0,0,0,1
0110-08072016_129.wav,0,0,0,1
0110-11062016_261.wav,0,0,0,1
0110-12072016_235.wav,0,0,0,1
0110-13062016_68.wav,0,0,1,0
0110-15072016_316.wav,0,0,0,1
0110-16042016_113.wav,0,0,0,1
0110-19062016_141.wav,0,0,0,1
0110-22062016_289.wav,0,0,0,1
0110-23062016_292.wav,0,0,0,1
0110-24062016_286.wav,0,0,0,1
0110-26032016_325.wav,0,0,0,1
0110-27052016_239.wav,0,0,0,1
0110-28062016_38.wav,0,0,0,1
0120-01072016_313.wav,0,0,0,1
0120-03052016_281.wav,0,0,0,1
0120-06062016_217.wav,0,0,0,1
0120-07062016_225.wav,0,0,0,1
0120-10062016_143.wav,0,1,0,0
0120-11062016_310.wav,0,0,0,1
0120-12042016_231.wav,0,1,0,0
0120-13032016_30.wav,0,0,0,1
0120-13032016_301.wav,0,0,0,1
0120-13032016_303.wav,0,0,0,1
0120-13032016_304.wav,0,0,0,1
0120-13032016_305.wav,0,0,0,1
0120-13032016_306.wav,0,0,0,1
0120-13032016_307.wav,0,0,1,0
0120-13032016_309.wav,0,0,0,1
0120-13062016_113.wav,1,0,0,0
0120-14062016_230.wav,0,0,0,1
0120-15042016_224.wav,1,0,0,0
0120-16042016_40.wav,0,0,1,0
0120-20062016_325.wav,0,0,0,1
0120-20062016_49.wav,0,0,0,1
0120-23032016_303.wav,0,0,0,1
0120-24042016_234.wav,0,0,0,1
0120-26062016_282.wav,0,0,0,1
0120-26062016_4.wav,0,0,0,1
0120-27062016_63.wav,0,0,1,0
0120-28032016_41.wav,1,0,0,0
0120-29032016_326.wav,0,0,1,0
0120-30052016_211.wav,0,0,0,1
0130-01062016_316.wav,0,0,0,1
0130-02062016_212.wav,0,0,0,1
0130-02072016_143.wav,0,1,0,0
0130-03032016_287.wav,0,0,0,1
0130-03072016_312.wav,0,0,0,1
0130-04072016_118.wav,0,0,0,1
0130-06052016_224.wav,0,0,0,1
0130-12062016_22.wav,0,0,1,0
0130-12062016_220.wav,0,0,0,1
0130-12062016_221.wav,0,0,0,1
0130-12062016_223.wav,0,0,0,1
0130-12062016_224.wav,0,0,0,1
0130-12062016_225.wav,0,0,0,1
0130-12062016_226.wav,0,0,0,1
0130-12062016_227.wav,0,0,0,1
0130-12062016_228.wav,0,0,0,1
0130-12062016_229.wav,0,0,0,1
0130-13042016_7.wav,0,0,1,0
0130-13042016_70.wav,0,0,1,0
0130-13042016_71.wav,0,0,1,0
0130-13042016_72.wav,0,0,1,0
0130-13042016_74.wav,0,0,0,1
0130-13042016_75.wav,0,0,1,0
0130-14052016_292.wav,0,1,0,0
0130-14072016_274.wav,0,0,0,1
0130-18042016_10.wav,0,0,0,1
0130-18042016_104.wav,0,0,0,1
0130-18042016_105.wav,0,0,0,1
0130-18042016_107.wav,0,0,0,1
0130-18042016_108.wav,0,0,1,0
0130-18042016_109.wav,0,0,0,1
0130-18062016_280.wav,0,0,0,1
0130-19042016_118.wav,0,0,0,1
0130-21062016_19.wav,0,0,1,0
0130-21062016_190.wav,0,0,0,1
0130-21062016_192.wav,0,0,1,0
0130-21062016_193.wav,0,0,1,0
0130-21062016_194.wav,0,0,0,1
0130-21062016_195.wav,0,0,0,1
0130-21062016_196.wav,1,0,0,0
0130-21062016_197.wav,0,0,0,1
0130-21062016_198.wav,0,0,1,0
0130-21062016_199.wav,0,0,0,1
0130-24052016_48.wav,0,0,1,0
0130-25062016_35.wav,0,0,0,1
0130-26062016_36.wav,0,0,0,1
0130-28052016_113.wav,0,0,0,1
0130-28062016_7.wav,0,0,0,1
0130-28062016_70.wav,0,0,0,1
0130-28062016_71.wav,0,0,0,1
0130-28062016_72.wav,0,0,0,1
0130-28062016_73.wav,0,0,0,1
0130-28062016_74.wav,0,0,0,1
0130-28062016_75.wav,0,1,0,0
0130-28062016_78.wav,0,1,0,0
0130-31052016_130.wav,0,0,0,1
0140-10032016_277.wav,0,0,0,1
0140-12052016_12.wav,0,0,0,1
0140-12052016_120.wav,1,0,0,0
0140-12052016_122.wav,0,0,1,0
0140-12052016_125.wav,0,0,0,1
0140-12052016_126.wav,0,0,0,1
0140-12052016_127.wav,0,0,0,1
0140-12052016_128.wav,0,0,0,1
0140-12052016_129.wav,0,0,0,1
0140-12052016_72.wav,0,0,0,1
0140-13052016_225.wav,0,0,0,1
0140-15062016_115.wav,0,0,0,1
0140-16062016_283.wav,0,0,0,1
0140-19042016_316.wav,0,0,0,1
0140-23042016_76.wav,0,0,0,1
0140-25032016_13.wav,0,0,0,1
0140-25032016_139.wav,0,0,0,1
0140-25042016_54.wav,0,0,0,1
0140-30062016_212.wav,0,0,0,1
0150-01042016_214.wav,0,0,0,1
0150-01052016_141.wav,0,0,0,1
0150-03042016_3.wav,0,0,0,1
0150-03042016_30.wav,0,0,0,1
0150-03042016_301.wav,0,0,0,1
0150-03042016_303.wav,0,0,0,1
0150-03042016_304.wav,0,0,0,1
0150-03042016_305.wav,0,0,0,1
0150-03042016_306.wav,0,0,1,0
0150-03042016_307.wav,0,1,0,0
0150-03042016_309.wav,0,0,0,1
0150-03042016_311.wav,1,0,0,0
0150-03042016_313.wav,0,0,0,1
0150-03042016_314.wav,0,0,0,1
0150-03042016_316.wav,0,0,0,1
0150-03042016_317.wav,0,0,0,1
0150-03042016_318.wav,0,0,0,1
0150-03042016_32.wav,0,0,0,1
0150-03042016_321.wav,0,0,1,0
0150-03042016_322.wav,0,0,0,1
0150-03042016_324.wav,0,0,0,1
0150-03042016_325.wav,0,0,0,1
0150-03042016_326.wav,0,1,0,0
0150-03042016_329.wav,0,0,0,1
0150-03042016_331.wav,0,0,0,1
0150-03042016_34.wav,0,0,0,1
0150-03042016_36.wav,0,0,0,1
0150-03042016_38.wav,0,0,0,1
0150-03042016_39.wav,0,0,0,1
0150-05042016_232.wav,0,0,1,0
0150-07032016_143.wav,0,0,0,1
0150-07072016_286.wav,0,0,0,1
0150-15062016_210.wav,0,0,0,1
0150-16042016_57.wav,1,0,0,0
0150-16062016_313.wav,0,0,0,1
0150-16072016_149.wav,0,0,0,1
0150-17072016_250.wav,0,0,1,0
0150-17072016_251.wav,0,0,1,0
0150-17072016_252.wav,0,0,1,0
0150-17072016_255.wav,1,1,0,0
0150-17072016_256.wav,0,1,0,0
0150-17072016_257.wav,0,0,0,1
0150-17072016_258.wav,0,0,0,1
0150-17072016_259.wav,0,1,1,0
0150-19032016_7.wav,0,0,0,1
0150-19032016_70.wav,0,0,0,1
0150-19032016_71.wav,0,0,0,1
0150-19032016_72.wav,0,0,0,1
0150-19032016_74.wav,0,0,0,1
0150-19032016_75.wav,0,0,0,1
0150-19032016_78.wav,0,0,0,1
0150-19062016_128.wav,0,1,0,0
0150-22072016_232.wav,0,0,0,1
0150-24042016_254.wav,0,0,0,1
0150-28062016_20.wav,0,0,0,1
0150-28062016_200.wav,0,0,0,1
0150-28062016_201.wav,0,0,0,1
0150-28062016_202.wav,0,0,0,1
0150-28062016_203.wav,0,0,0,1
0150-28062016_204.wav,0,0,0,1
0150-28062016_205.wav,0,0,0,1
0150-28062016_206.wav,1,0,0,0
0150-28062016_207.wav,0,0,0,1
0150-28062016_208.wav,0,0,0,1
0150-28062016_209.wav,0,0,0,1
0150-28062016_265.wav,0,0,1,0
0150-29052016_208.wav,0,0,0,1
0200-01062016_6.wav,0,0,1,0
0200-01062016_64.wav,0,1,0,0
0200-01062016_65.wav,0,0,0,1
0200-01062016_66.wav,0,0,0,1
0200-01062016_67.wav,0,0,1,0
0200-01062016_68.wav,0,0,0,1
0200-01062016_69.wav,0,0,0,1
0200-02042016_274.wav,0,0,0,1
0200-02072016_12.wav,0,0,0,1
0200-02072016_122.wav,0,0,1,0
0200-02072016_124.wav,0,0,0,1
0200-02072016_125.wav,0,0,0,1
0200-04062016_54.wav,0,0,0,1
0200-05052016_316.wav,0,0,0,1
0200-05072016_225.wav,0,0,0,1
0200-06042016_61.wav,0,0,1,0
0200-06072016_148.wav,0,0,1,0
0200-07052016_299.wav,0,0,0,1
0200-07062016_240.wav,0,0,0,1
0200-08052016_234.wav,0,0,0,1
0200-09062016_8.wav,0,0,1,0
0200-09062016_82.wav,0,1,1,0
0200-09062016_83.wav,0,0,1,0
0200-09062016_84.wav,0,0,1,0
0200-09062016_85.wav,0,0,1,0
0200-09062016_86.wav,0,0,1,0
0200-09062016_87.wav,0,0,0,1
0200-09062016_88.wav,0,0,0,1
0200-10062016_326.wav,0,0,0,1
0200-10072016_39.wav,0,0,0,1
0200-14062016_135.wav,0,0,0,1
0200-14062016_147.wav,0,0,0,1
0200-16072016_310.wav,0,0,0,1
0200-17052016_209.wav,0,0,0,1
0200-17052016_217.wav,0,0,0,1
0200-23042016_324.wav,0,0,0,1
0200-23062016_32.wav,0,0,0,1
0200-23062016_320.wav,0,0,0,1
0200-23062016_321.wav,0,1,0,0
0200-23062016_322.wav,0,0,0,1
0200-23062016_323.wav,0,0,0,1
0200-23062016_324.wav,0,0,0,1
0200-23062016_325.wav,0,0,0,1
0200-23062016_326.wav,0,0,0,1
0200-23062016_327.wav,0,0,0,1
0200-23062016_328.wav,1,0,0,0
0200-23062016_329.wav,0,0,0,1
0200-23062016_43.wav,0,0,0,1
0200-24032016_274.wav,0,0,0,1
0200-27062016_13.wav,0,0,0,1
0200-27062016_131.wav,0,0,0,1
0200-27062016_134.wav,0,0,0,1
0200-27062016_135.wav,0,1,0,0
0200-27062016_139.wav,0,0,0,1
0200-30052016_187.wav,0,0,0,1
0200-30062016_116.wav,0,0,0,1
0200-30062016_285.wav,0,0,0,1
0210-01042016_127.wav,0,0,0,1
0210-01062016_76.wav,0,0,1,0
0210-03062016_289.wav,0,0,1,0
0210-05072016_285.wav,0,0,0,1
0210-07052016_237.wav,0,0,0,1
0210-08062016_118.wav,0,0,0,1
0210-09032016_316.wav,0,0,0,1
0210-12052016_261.wav,0,0,0,1
0210-16042016_233.wav,0,0,1,0
0210-16052016_25.wav,0,0,0,1
0210-16052016_250.wav,0,0,1,0
0210-16052016_251.wav,0,0,1,0
0210-16052016_252.wav,0,0,1,0
0210-16052016_253.wav,0,0,1,0
0210-16052016_254.wav,0,0,0,1
0210-16052016_256.wav,1,1,0,0
0210-16052016_258.wav,0,0,0,1
0210-16052016_259.wav,0,0,1,0
0210-18052016_127.wav,0,0,0,1
0210-20062016_129.wav,0,1,0,0
0210-23032016_19.wav,1,0,0,0
0210-23032016_190.wav,0,0,0,1
0210-23032016_191.wav,0,0,0,1
0210-23032016_192.wav,0,0,0,1
0210-23032016_193.wav,0,0,0,1
0210-23032016_194.wav,0,0,0,1
0210-23032016_195.wav,0,0,0,1
0210-23032016_196.wav,0,0,0,1
0210-23032016_197.wav,0,0,0,1
0210-23032016_199.wav,0,0,0,1
0210-23032016_43.wav,0,0,0,1
0210-23062016_239.wav,0,0,0,1
0210-24042016_28.wav,0,0,0,1
0210-24042016_280.wav,0,0,0,1
0210-24042016_281.wav,0,0,0,1
0210-24042016_282.wav,0,1,0,0
0210-24042016_283.wav,0,0,0,1
0210-24042016_284.wav,0,0,0,1
0210-24042016_285.wav,0,0,0,1
0210-24042016_286.wav,0,0,0,1
0210-24042016_287.wav,0,0,0,1
0210-24042016_288.wav,0,0,0,1
0210-24042016_289.wav,0,0,0,1
0210-25052016_44.wav,0,0,0,1
0210-26062016_40.wav,0,0,0,1
0210-27032016_24.wav,0,0,1,0
0210-27032016_240.wav,0,0,0,1
0210-27032016_241.wav,0,0,1,0
0210-27032016_242.wav,0,0,0,1
0210-27032016_244.wav,0,0,0,1
0210-27032016_245.wav,0,0,0,1
0210-27032016_247.wav,0,0,0,1
0210-27032016_324.wav,0,0,0,1
0220-03072016_81.wav,0,0,0,1
0220-05072016_282.wav,0,0,0,1
0220-06032016_290.wav,0,0,0,1
0220-06072016_21.wav,0,0,0,1
0220-06072016_210.wav,0,0,0,1
0220-06072016_211.wav,0,0,0,1
0220-06072016_212.wav,0,0,1,0
0220-06072016_214.wav,0,0,1,0
0220-06072016_216.wav,0,0,1,0
0220-06072016_217.wav,0,0,1,0
0220-06072016_218.wav,0,1,1,0
0220-06072016_48.wav,0,0,0,1
0220-07072016_140.wav,0,0,0,1
0220-11072016_8.wav,0,0,0,1
0220-11072016_81.wav,0,0,0,1
0220-11072016_82.wav,0,0,0,1
0220-11072016_83.wav,0,0,0,1
0220-11072016_84.wav,0,0,0,1
0220-11072016_85.wav,0,1,0,0
0220-11072016_86.wav,0,0,0,1
0220-11072016_87.wav,0,0,0,1
0220-11072016_88.wav,0,0,0,1
0220-11072016_89.wav,0,0,0,1
0220-15052016_38.wav,0,0,0,1
0220-17052016_296.wav,0,0,0,1
0220-18062016_113.wav,0,0,0,1
0220-19072016_128.wav,0,0,0,1
0220-20052016_210.wav,0,0,0,1
0220-20062016_199.wav,0,0,0,1
0220-22032016_6.wav,0,0,0,1
0220-22032016_60.wav,0,0,0,1
0220-22032016_61.wav,0,0,0,1
0220-22032016_65.wav,0,0,0,1
0220-22032016_66.wav,0,0,0,1
0220-22032016_67.wav,0,0,0,1
0220-24052016_265.wav,0,0,1,0
0220-28052016_313.wav,0,0,0,1
0220-31032016_38.wav,0,0,0,1
0230-01062016_25.wav,0,0,1,0
0230-01062016_250.wav,0,1,1,0
0230-01062016_251.wav,0,1,0,0
0230-01062016_252.wav,0,1,0,0
0230-01062016_253.wav,0,1,0,0
0230-01062016_254.wav,0,0,1,0
0230-01062016_256.wav,0,1,0,0
0230-01062016_258.wav,0,0,0,1
0230-01062016_259.wav,0,1,0,0
0230-04062016_3.wav,0,0,0,1
0230-04062016_30.wav,0,0,1,0
0230-04062016_301.wav,0,0,0,1
0230-04062016_305.wav,0,0,0,1
0230-04062016_307.wav,0,0,0,1
0230-04062016_308.wav,0,1,0,0
0230-04062016_309.wav,0,0,0,1
0230-04062016_31.wav,0,0,0,1
0230-04062016_310.wav,0,0,0,1
0230-04062016_312.wav,0,1,0,0
0230-04062016_313.wav,0,0,0,1
0230-04062016_314.wav,0,0,0,1
0230-04062016_316.wav,0,1,0,0
0230-04062016_317.wav,0,1,0,0
0230-04062016_318.wav,0,0,0,1
0230-04062016_319.wav,0,0,0,1
0230-04062016_322.wav,0,0,0,1
0230-04062016_323.wav,0,0,0,1
0230-04062016_324.wav,0,1,0,0
0230-04062016_325.wav,0,0,0,1
0230-04062016_326.wav,0,0,0,1
0230-04062016_327.wav,0,0,0,1
0230-04062016_328.wav,0,0,0,1
0230-04062016_329.wav,0,0,0,1
0230-04062016_33.wav,0,0,0,1
0230-04062016_331.wav,0,0,0,1
0230-04062016_37.wav,0,0,0,1
0230-04062016_38.wav,0,0,1,0
0230-04062016_39.wav,0,0,1,0
0230-05072016_86.wav,0,0,0,1
0230-09072016_217.wav,0,0,1,0
0230-09072016_68.wav,0,0,0,1
0230-14052016_293.wav,0,0,0,1
0230-14072016_24.wav,0,0,1,0
0230-14072016_240.wav,0,0,0,1
0230-14072016_241.wav,0,0,1,0
0230-14072016_242.wav,0,1,0,0
0230-14072016_244.wav,0,0,1,0
0230-14072016_245.wav,0,0,0,1
0230-14072016_247.wav,0,0,1,0
0230-17062016_292.wav,0,0,0,1
0230-18032016_234.wav,0,0,0,1
0230-18062016_47.wav,0,0,1,0
0230-19062016_281.wav,0,1,0,0
0230-25042016_88.wav,0,0,0,1
0230-25062016_235.wav,0,1,0,0
0230-26032016_21.wav,0,0,0,1
0230-26032016_210.wav,0,0,0,1
0230-26032016_212.wav,0,0,0,1
0230-26032016_214.wav,0,0,0,1
0230-26032016_215.wav,0,0,0,1
0230-26032016_217.wav,0,0,0,1
0230-26032016_218.wav,0,0,0,1
0230-27062016_12.wav,0,0,1,0
0230-27062016_122.wav,0,1,1,0
0230-27062016_124.wav,0,1,0,0
0230-27062016_125.wav,0,0,0,1
0230-27062016_24.wav,0,0,0,1
0230-27062016_241.wav,0,1,0,0
0230-27062016_242.wav,0,1,0,0
0230-27062016_244.wav,0,1,0,0
0230-27062016_245.wav,0,1,1,0
0230-27062016_247.wav,0,1,0,0
0230-28042016_206.wav,1,0,0,0
0240-01072016_28.wav,1,0,0,0
0240-01072016_281.wav,0,1,0,0
0240-01072016_282.wav,0,1,0,0
0240-01072016_283.wav,0,1,0,0
0240-01072016_284.wav,0,0,0,1
0240-01072016_285.wav,0,1,0,0
0240-02062016_127.wav,0,1,0,0
0240-02062016_326.wav,0,0,0,1
0240-02072016_229.wav,0,1,1,0
0240-02072016_289.wav,0,0,1,0
0240-02072016_49.wav,0,1,0,0
0240-05042016_24.wav,0,0,0,1
0240-05042016_240.wav,0,0,1,0
0240-05042016_241.wav,0,0,1,0
0240-05042016_242.wav,0,0,0,1
0240-05042016_244.wav,0,1,0,0
0240-05042016_245.wav,0,1,0,0
0240-05042016_247.wav,0,0,0,1
0240-10042016_330.wav,0,0,0,1
0240-13072016_325.wav,0,0,1,0
0240-14052016_39.wav,0,0,1,0
0240-20072016_20.wav,0,0,0,1
0240-20072016_200.wav,0,0,0,1
0240-20072016_201.wav,0,0,0,1
0240-20072016_202.wav,0,1,0,0
0240-20072016_203.wav,0,1,0,0
0240-20072016_204.wav,0,0,0,1
0240-20072016_205.wav,0,0,0,1
0240-20072016_206.wav,0,0,0,1
0240-20072016_207.wav,1,0,0,0
0240-20072016_208.wav,0,1,0,0
0240-20072016_209.wav,0,0,0,1
0240-21062016_283.wav,0,1,1,0
0240-22072016_6.wav,0,0,0,1
0240-22072016_60.wav,0,0,0,1
0240-22072016_61.wav,0,0,0,1
0240-22072016_63.wav,0,0,0,1
0240-22072016_65.wav,0,0,0,1
0240-22072016_66.wav,0,0,0,1
0240-22072016_67.wav,0,0,0,1
0240-22072016_68.wav,0,0,0,1
0240-22072016_69.wav,0,0,0,1
0240-24072016_292.wav,0,0,0,1
0240-25042016_225.wav,0,0,0,1
0240-28032016_49.wav,0,0,0,1
0240-28062016_17.wav,0,0,0,1
0240-28062016_170.wav,0,1,0,0
0240-28062016_171.wav,0,0,0,1
0240-28062016_172.wav,1,1,0,0
0240-28062016_173.wav,0,0,0,1
0240-28062016_174.wav,0,1,0,0
0240-28062016_176.wav,0,1,0,0
0240-28062016_177.wav,0,0,0,1
0240-28062016_178.wav,0,1,0,0
0240-28062016_179.wav,0,1,0,0
0240-29062016_81.wav,0,0,0,1
0240-30062016_23.wav,0,0,0,1
0240-30062016_230.wav,0,1,0,0
0240-30062016_231.wav,0,1,0,0
0240-30062016_232.wav,0,0,0,1
0240-30062016_233.wav,0,0,0,1
0240-30062016_234.wav,0,1,0,0
0240-30062016_235.wav,0,1,0,0
0240-30062016_236.wav,0,1,0,0
0240-30062016_239.wav,0,1,0,0
0240-31032016_265.wav,0,0,0,1
0250-04072016_287.wav,0,1,0,0
0250-07072016_3.wav,0,0,0,1
0250-12052016_289.wav,0,0,0,1
0250-22042016_217.wav,0,0,0,1
0250-24062016_40.wav,0,0,0,1
0250-25072016_130.wav,0,0,0,1
0250-25072016_187.wav,1,0,0,0
0250-26042016_220.wav,0,0,1,0
0250-29062016_41.wav,0,0,0,1
0300-05042016_36.wav,0,0,0,1
0300-06072016_283.wav,0,1,0,0
0300-08062016_316.wav,0,1,0,0
0300-09072016_199.wav,0,0,0,1
0300-09072016_32.wav,0,0,0,1
0300-09072016_320.wav,0,1,1,0
0300-09072016_321.wav,0,1,1,0
0300-09072016_322.wav,0,0,0,1
0300-09072016_323.wav,0,0,0,1
0300-09072016_324.wav,0,1,0,0
0300-09072016_325.wav,0,1,0,0
0300-09072016_326.wav,0,1,0,0
0300-09072016_327.wav,0,0,0,1
0300-09072016_329.wav,0,0,0,1
0300-13042016_20.wav,0,0,0,1
0300-13042016_200.wav,0,0,0,1
0300-13042016_201.wav,0,0,0,1
0300-13042016_202.wav,0,0,0,1
0300-13042016_203.wav,0,0,0,1
0300-13042016_204.wav,0,0,0,1
0300-13042016_205.wav,0,0,0,1
0300-13042016_206.wav,1,0,0,0
0300-13042016_208.wav,0,0,0,1
0300-13042016_209.wav,1,0,0,0
0300-15062016_48.wav,0,0,0,1
0300-18042016_311.wav,1,0,0,0
0300-22052016_48.wav,0,0,0,1
0300-23052016_251.wav,0,1,0,0
0300-23052016_252.wav,0,1,0,0
0300-23052016_254.wav,0,0,0,1
0300-23052016_258.wav,0,0,0,1
0300-25032016_39.wav,0,0,0,1
0300-28062016_171.wav,1,0,0,0
0310-01072016_13.wav,0,0,0,1
0310-01072016_134.wav,0,1,0,0
0310-01072016_135.wav,1,1,0,0
0310-01072016_139.wav,0,0,0,1
0310-07072016_20.wav,1,1,0,0
0310-07072016_200.wav,0,0,0,1
0310-07072016_203.wav,0,1,1,0
0310-07072016_204.wav,0,0,0,1
0310-07072016_205.wav,0,0,0,1
0310-07072016_209.wav,0,1,0,0
0310-10052016_41.wav,1,0,0,0
0310-16072016_3.wav,0,0,0,1
0310-16072016_301.wav,0,0,0,1
0310-16072016_305.wav,0,0,0,1
0310-16072016_306.wav,0,1,0,0
0310-16072016_308.wav,0,0,1,0
0310-16072016_31.wav,0,0,0,1
0310-16072016_314.wav,0,0,1,0
0310-16072016_318.wav,0,0,0,1
0310-16072016_319.wav,0,0,0,1
0310-16072016_32.wav,0,0,0,1
0310-16072016_321.wav,0,1,0,0
0310-16072016_322.wav,0,0,0,1
0310-16072016_323.wav,0,0,0,1
0310-16072016_326.wav,0,0,0,1
0310-16072016_329.wav,0,0,0,1
0310-16072016_331.wav,0,0,0,1
0310-16072016_35.wav,0,0,0,1
0310-16072016_36.wav,0,0,0,1
0310-16072016_37.wav,0,0,0,1
0310-16072016_38.wav,0,0,0,1
0310-16072016_39.wav,0,0,0,1
0310-17052016_47.wav,0,0,0,1
0310-21042016_240.wav,0,0,0,1
0310-21042016_277.wav,0,0,0,1
0310-23072016_316.wav,0,0,0,1
0310-24042016_68.wav,0,0,0,1
0310-26052016_199.wav,0,0,0,1
0310-28032016_206.wav,1,0,0,0
0310-28062016_4.wav,0,0,0,1
0320-04052016_296.wav,0,0,0,1
0320-07062016_72.wav,0,1,0,0
0320-08032016_212.wav,0,0,0,1
0320-16032016_214.wav,0,0,0,1
0320-17032016_209.wav,0,0,0,1
0320-17052016_68.wav,0,0,0,1
0320-19042016_209.wav,0,0,1,0
0320-23032016_231.wav,0,1,0,0
0320-25042016_288.wav,0,0,0,1
0320-25042016_30.wav,0,0,0,1
0320-25042016_301.wav,0,0,0,1
0320-25042016_303.wav,0,0,0,1
0320-25042016_304.wav,0,0,1,0
0320-25042016_305.wav,0,0,0,1
0320-25042016_306.wav,0,0,1,0
0320-25042016_307.wav,0,0,1,0
0320-25042016_308.wav,0,0,1,0
0320-25042016_309.wav,0,0,0,1
0320-27062016_224.wav,0,1,0,0
0320-28062016_290.wav,0,1,1,0
0320-30062016_149.wav,1,1,0,0
0320-31052016_141.wav,0,1,0,0
0330-03052016_234.wav,0,1,0,0
0330-03062016_287.wav,0,1,0,0
0330-03072016_46.wav,0,1,0,0
0330-05072016_225.wav,0,1,0,0
0330-08062016_261.wav,0,1,0,0
0330-11072016_214.wav,0,1,0,0
0330-13052016_324.wav,0,1,0,0
0330-13062016_39.wav,1,1,1,0
0330-15072016_233.wav,1,0,0,0
0330-16052016_130.wav,0,1,0,0
0330-19042016_38.wav,1,0,0,0
0330-20042016_237.wav,0,0,1,0
0330-22062016_303.wav,1,1,0,0
0330-23042016_25.wav,1,0,0,0
0330-23042016_250.wav,1,1,0,0
0330-23042016_251.wav,0,1,1,0
0330-23042016_252.wav,1,1,1,0
0330-23042016_253.wav,1,0,0,0
0330-23042016_254.wav,1,1,0,0
0330-23042016_256.wav,1,0,0,0
0330-23042016_258.wav,1,0,0,0
0330-23042016_259.wav,1,1,0,0
0330-24072016_61.wav,0,0,1,0
0330-26032016_47.wav,1,0,1,0
0330-30042016_44.wav,1,0,0,0
0340-02072016_42.wav,1,1,0,0
0340-03062016_117.wav,1,1,0,0
0340-03072016_212.wav,0,1,0,0
0340-04052016_230.wav,0,1,0,0
0340-04072016_72.wav,0,1,0,0
0340-07072016_296.wav,0,0,0,1
0340-07072016_88.wav,1,1,0,0
0340-09042016_303.wav,1,0,0,0
0340-09052016_127.wav,0,1,0,0
0340-10072016_282.wav,0,1,0,0
0340-13042016_141.wav,0,1,0,0
0340-13072016_141.wav,0,1,0,0
0340-21042016_223.wav,1,1,0,0
0340-22042016_142.wav,0,1,0,0
0340-23032016_72.wav,0,0,0,1
0340-24062016_143.wav,0,1,0,0
0340-28072016_239.wav,0,1,0,0
0340-28072016_67.wav,1,0,0,0
0350-01052016_10.wav,0,1,0,0
0350-01052016_101.wav,0,0,1,0
0350-01052016_102.wav,0,0,1,0
0350-01052016_103.wav,0,0,1,0
0350-01052016_104.wav,1,0,1,0
0350-01052016_105.wav,0,0,1,0
0350-01052016_107.wav,0,1,0,0
0350-01052016_108.wav,0,1,0,0
0350-01052016_109.wav,0,1,0,0
0350-02062016_120.wav,1,1,1,0
0350-03072016_23.wav,0,1,0,0
0350-03072016_230.wav,0,1,0,0
0350-03072016_231.wav,0,1,1,0
0350-03072016_232.wav,0,1,0,0
0350-03072016_233.wav,0,1,0,0
0350-03072016_234.wav,0,1,0,0
0350-03072016_235.wav,0,1,0,0
0350-03072016_236.wav,0,1,0,0
0350-03072016_239.wav,0,1,0,0
0350-03072016_41.wav,0,1,0,0
0350-04072016_234.wav,0,1,1,0
0350-05072016_206.wav,1,1,0,0
0350-06052016_6.wav,0,0,1,0
0350-06052016_60.wav,0,0,0,1
0350-06052016_64.wav,0,0,1,0
0350-06052016_65.wav,1,1,0,0
0350-06052016_66.wav,0,0,0,1
0350-06052016_67.wav,1,1,0,0
0350-06052016_68.wav,0,0,1,0
0350-06052016_69.wav,1,0,0,0
0350-06062016_310.wav,1,1,0,0
0350-08052016_220.wav,0,1,0,0
0350-08072016_230.wav,0,1,0,0
0350-09042016_313.wav,0,0,0,1
0350-09052016_135.wav,1,1,0,0
0350-11052016_42.wav,0,1,0,0
0350-12052016_31.wav,0,0,0,1
0350-12052016_310.wav,0,1,0,0
0350-12052016_311.wav,1,1,0,0
0350-12052016_312.wav,0,1,0,0
0350-12052016_313.wav,0,1,0,0
0350-12052016_315.wav,0,1,0,0
0350-12052016_316.wav,0,1,0,0
0350-12052016_317.wav,0,1,1,0
0350-12052016_318.wav,0,0,0,1
0350-12052016_319.wav,0,0,0,1
0350-12052016_66.wav,1,1,0,0
0350-13062016_232.wav,0,1,1,0
0350-15052016_261.wav,0,1,0,0
0350-15062016_313.wav,0,1,0,0
0350-16062016_330.wav,0,1,0,0
0350-17072016_171.wav,1,0,0,0
0350-18042016_21.wav,0,0,1,0
0350-18042016_210.wav,1,1,0,0
0350-18042016_211.wav,0,1,0,0
0350-18042016_212.wav,0,1,0,0
0350-18042016_214.wav,0,1,0,0
0350-18042016_216.wav,0,1,1,0
0350-18042016_217.wav,1,1,0,0
0350-18042016_218.wav,0,1,0,0
0350-19072016_45.wav,0,0,1,0
0350-21042016_280.wav,0,1,0,0
0350-23062016_312.wav,1,1,0,0
0350-24052016_316.wav,0,0,1,0
0350-25072016_312.wav,0,1,0,0
0350-26032016_20.wav,0,0,1,0
0350-26032016_200.wav,1,0,0,0
0350-26032016_201.wav,0,1,1,0
0350-26032016_202.wav,0,0,1,0
0350-26032016_203.wav,0,0,1,0
0350-26032016_205.wav,0,0,0,1
0350-26032016_206.wav,1,0,1,0
0350-26032016_208.wav,0,0,0,1
0350-26032016_209.wav,0,0,1,0
0350-27062016_36.wav,0,1,1,0
0350-30042016_210.wav,0,1,0,0
0400-02072016_135.wav,0,1,0,0
0400-04072016_107.wav,0,1,0,0
0400-08042016_6.wav,0,0,1,0
0400-08042016_60.wav,0,1,0,0
0400-08042016_61.wav,0,0,0,1
0400-08042016_65.wav,0,0,0,1
0400-08042016_66.wav,1,0,0,0
0400-08042016_67.wav,1,0,0,0
0400-08052016_282.wav,0,1,0,0
0400-09042016_113.wav,0,1,0,0
0400-12042016_325.wav,0,0,0,1
0400-13052016_143.wav,0,1,0,0
0400-16072016_118.wav,0,1,0,0
0400-17072016_277.wav,0,1,0,0
0400-19062016_214.wav,0,1,0,0
0400-20042016_312.wav,0,1,1,0
0400-21062016_86.wav,1,1,1,0
0400-22052016_274.wav,0,1,0,0
0400-24072016_317.wav,0,0,0,1
0400-26052016_330.wav,0,1,0,0
0400-26062016_315.wav,0,1,0,0
0400-26062016_66.wav,1,1,0,0
0400-27042016_208.wav,0,1,1,0
0400-28052016_115.wav,0,1,0,0
0400-30062016_20.wav,0,1,1,0
0400-30062016_200.wav,0,1,0,0
0400-30062016_201.wav,0,1,0,0
0400-30062016_202.wav,0,1,0,0
0400-30062016_203.wav,0,1,0,0
0400-30062016_204.wav,1,0,0,0
0400-30062016_205.wav,0,0,0,1
0400-30062016_206.wav,1,1,0,0
0400-30062016_207.wav,0,0,1,0
0400-30062016_208.wav,1,1,0,0
0400-30062016_209.wav,0,1,0,0
0400-30062016_21.wav,0,1,1,0
0400-30062016_210.wav,0,1,0,0
0400-30062016_211.wav,1,1,0,0
0400-30062016_212.wav,1,1,0,0
0400-30062016_214.wav,1,1,0,0
0400-30062016_216.wav,1,1,0,0
0400-30062016_217.wav,1,1,0,0
0400-30062016_218.wav,1,1,0,0
0410-02062016_141.wav,0,1,1,0
0410-04072016_54.wav,1,1,0,0
0410-05072016_274.wav,0,1,0,0
0410-06052016_187.wav,1,1,0,0
0410-06072016_12.wav,0,1,0,0
0410-06072016_122.wav,0,1,1,0
0410-06072016_124.wav,0,0,0,1
0410-06072016_126.wav,0,0,0,1
0410-06072016_127.wav,1,1,0,0
0410-06072016_128.wav,1,1,0,0
0410-06072016_129.wav,0,0,1,0
0410-07072016_129.wav,0,1,0,0
0410-09052016_232.wav,0,1,0,0
0410-15042016_86.wav,0,0,0,1
0410-16042016_140.wav,1,1,0,0
0410-17052016_281.wav,0,1,0,0
0410-19042016_324.wav,0,1,0,0
0410-21042016_237.wav,0,1,0,0
0410-21042016_288.wav,0,1,0,0
0410-21062016_234.wav,0,1,1,0
0410-22072016_44.wav,0,0,0,1
0410-25032016_208.wav,0,0,1,0
0410-27042016_107.wav,0,1,0,0
0410-27062016_35.wav,0,1,0,0
0410-30052016_312.wav,0,1,0,0
0410-31052016_118.wav,0,1,0,0
0410-31072016_40.wav,0,1,0,0
0420-01072016_22.wav,0,1,0,0
0420-01072016_220.wav,1,1,0,0
0420-01072016_221.wav,1,1,0,0
0420-01072016_223.wav,1,1,0,0
0420-01072016_224.wav,1,1,0,0
0420-01072016_225.wav,1,1,0,0
0420-01072016_226.wav,1,1,0,0
0420-01072016_227.wav,1,1,1,0
0420-01072016_228.wav,1,1,0,0
0420-01072016_229.wav,0,1,0,0
0420-03042016_317.wav,0,0,1,0
0420-08072016_19.wav,0,1,0,0
0420-08072016_190.wav,1,0,0,0
0420-08072016_192.wav,1,0,0,0
0420-08072016_193.wav,1,1,0,0
0420-08072016_194.wav,0,1,0,0
0420-08072016_196.wav,1,1,0,0
0420-08072016_197.wav,0,0,1,0
0420-08072016_198.wav,1,1,1,0
0420-08072016_199.wav,0,0,0,1
0420-10042016_326.wav,0,1,1,0
0420-11042016_290.wav,1,1,0,0
0420-11042016_325.wav,0,0,0,1
0420-12062016_285.wav,1,1,0,0
0420-12072016_313.wav,0,1,0,0
0420-14042016_6.wav,1,1,0,0
0420-14042016_60.wav,1,1,1,0
0420-14042016_61.wav,0,0,0,1
0420-14042016_65.wav,1,1,0,0
0420-14042016_66.wav,0,0,0,1
0420-14042016_67.wav,1,0,0,0
0420-15072016_265.wav,1,1,0,0
0420-16042016_218.wav,0,1,1,0
0420-17072016_281.wav,0,1,1,0
0420-18052016_107.wav,1,1,0,0
0420-19062016_44.wav,0,1,0,0
0420-21032016_317.wav,0,0,1,0
0420-21042016_287.wav,0,1,0,0
0420-21052016_283.wav,0,1,0,0
0420-22062016_233.wav,0,1,1,0
0420-23042016_120.wav,0,1,1,0
0420-24042016_280.wav,0,1,1,0
0420-24042016_88.wav,0,1,0,0
0420-24052016_19.wav,0,1,1,0
0420-24052016_190.wav,0,1,1,0
0420-24052016_191.wav,0,0,0,1
0420-24052016_192.wav,0,0,1,0
0420-24052016_193.wav,1,1,0,0
0420-24052016_194.wav,0,1,1,0
0420-24052016_195.wav,1,1,1,0
0420-24052016_196.wav,0,1,1,0
0420-24052016_197.wav,0,0,0,1
0420-24052016_198.wav,1,1,0,0
0420-24052016_199.wav,0,0,0,1
0420-27042016_44.wav,0,0,1,0
0420-28052016_86.wav,0,1,1,0
0420-28062016_257.wav,0,1,1,0
0430-01072016_148.wav,1,1,1,0
0430-02052016_216.wav,1,1,0,0
0430-05072016_315.wav,0,1,0,0
0430-07042016_12.wav,0,0,1,0
0430-07042016_120.wav,1,1,1,0
0430-07042016_125.wav,0,0,0,1
0430-07042016_126.wav,0,0,0,1
0430-07042016_127.wav,0,1,0,0
0430-07052016_208.wav,1,1,1,0
0430-09042016_13.wav,0,1,0,0
0430-09042016_130.wav,0,1,1,0
0430-09042016_131.wav,0,1,0,0
0430-09042016_135.wav,1,1,0,0
0430-09042016_139.wav,1,0,0,0
0430-11062016_7.wav,0,1,1,0
0430-11062016_70.wav,0,0,1,0
0430-11062016_71.wav,0,1,1,0
0430-11062016_72.wav,1,1,1,0
0430-11062016_73.wav,1,0,1,0
0430-11062016_74.wav,0,1,0,0
0430-11062016_75.wav,1,1,1,0
0430-11062016_76.wav,0,1,1,0
0430-11062016_78.wav,1,1,0,0
0430-12052016_280.wav,1,1,1,0
0430-12072016_3.wav,1,1,1,0
0430-13072016_127.wav,0,1,0,0
0430-17042016_49.wav,1,1,1,0
0430-18042016_118.wav,1,1,0,0
0430-18052016_299.wav,1,1,0,0
0430-18062016_76.wav,0,1,0,0
0430-18072016_290.wav,1,1,0,0
0430-18072016_39.wav,1,1,0,0
0430-20052016_15.wav,0,1,0,0
0430-20052016_152.wav,1,1,0,0
0430-20052016_153.wav,1,1,1,0
0430-20052016_154.wav,1,0,0,0
0430-20052016_155.wav,1,1,0,0
0430-20052016_157.wav,0,1,0,0
0430-20052016_158.wav,0,1,0,0
0430-20052016_159.wav,1,1,0,0
0430-20072016_285.wav,1,1,0,0
0430-23042016_225.wav,0,1,0,0
0430-23042016_254.wav,1,1,1,0
0430-26042016_289.wav,0,0,0,1
0430-26052016_46.wav,0,1,0,0
0430-26072016_68.wav,0,1,1,0
0430-28042016_25.wav,1,1,0,0
0430-28042016_250.wav,0,1,1,0
0430-28042016_251.wav,0,1,1,0
0430-28042016_252.wav,0,1,1,0
0430-28042016_253.wav,0,0,1,0
0430-28042016_254.wav,0,1,0,0
0430-28042016_256.wav,1,1,1,0
0430-28042016_258.wav,0,0,0,1
0430-28042016_259.wav,0,1,1,0
0430-29032016_22.wav,1,0,1,0
0430-29032016_221.wav,0,1,1,0
0430-29032016_223.wav,1,1,0,0
0430-29032016_224.wav,1,1,0,0
0430-29032016_225.wav,0,1,0,0
0430-29032016_226.wav,1,1,0,0
0430-29032016_227.wav,1,0,1,0
0430-29032016_229.wav,0,0,1,0
0430-29052016_212.wav,0,1,0,0
0440-04042016_40.wav,0,0,1,0
0440-04052016_7.wav,1,1,0,0
0440-04052016_70.wav,0,0,1,0
0440-04052016_71.wav,0,1,0,0
0440-04052016_72.wav,1,1,1,0
0440-04052016_73.wav,1,0,0,0
0440-04052016_74.wav,0,1,0,0
0440-04052016_75.wav,1,1,0,0
0440-04052016_76.wav,0,1,0,0
0440-04052016_78.wav,0,1,0,0
0440-05032016_229.wav,1,0,0,0
0440-08052016_214.wav,1,1,1,0
0440-11072016_81.wav,1,1,1,0
0440-12042016_303.wav,0,1,0,0
0440-12062016_277.wav,0,1,1,0
0440-13042016_187.wav,1,1,0,0
0440-14062016_46.wav,0,1,0,0
0440-15072016_311.wav,1,1,1,0
0440-16042016_36.wav,0,0,1,0
0440-16072016_236.wav,1,1,1,0
0440-17042016_46.wav,0,1,1,0
0440-17072016_240.wav,1,1,0,0
0440-18062016_293.wav,0,1,1,0
0440-18062016_30.wav,1,1,0,0
0440-18062016_301.wav,1,0,0,0
0440-18062016_303.wav,0,1,0,0
0440-18062016_304.wav,0,1,1,0
0440-18062016_305.wav,1,1,0,0
0440-18062016_307.wav,0,1,1,0
0440-18062016_308.wav,0,1,1,0
0440-18062016_309.wav,1,1,0,0
0440-18072016_293.wav,0,1,0,0
0440-23062016_286.wav,0,1,0,0
0440-24062016_13.wav,0,1,1,0
0440-24062016_130.wav,0,1,1,0
0440-24062016_131.wav,0,1,0,0
0440-24062016_134.wav,1,1,0,0
0440-24062016_135.wav,1,1,0,0
0440-24062016_139.wav,1,0,0,0
0440-26062016_142.wav,0,1,1,0
0440-26072016_326.wav,0,0,1,0
0440-27032016_282.wav,1,1,1,0
0440-28062016_296.wav,0,0,1,0
0440-29042016_296.wav,1,0,0,0
0440-30032016_67.wav,1,1,1,0
0500-01062016_280.wav,0,1,0,0
0500-08042016_10.wav,0,1,0,0
0500-08042016_104.wav,0,1,0,0
0500-08042016_105.wav,0,1,0,0
0500-08042016_108.wav,0,1,1,0
0500-08042016_109.wav,0,1,0,0
0500-09062016_208.wav,0,1,0,0
0500-11052016_313.wav,0,1,0,0
0500-11062016_299.wav,1,1,0,0
0500-12042016_30.wav,0,1,0,0
0500-12042016_301.wav,0,0,0,1
0500-12042016_303.wav,0,1,0,0
0500-12042016_304.wav,0,1,0,0
0500-12042016_305.wav,0,0,0,1
0500-12042016_307.wav,0,1,0,0
0500-12042016_309.wav,0,1,0,0
0500-15052016_54.wav,1,1,0,0
0500-16072016_235.wav,0,1,0,0
0500-17072016_218.wav,0,1,1,0
0500-20052016_278.wav,0,1,0,0
0500-21042016_171.wav,1,1,0,0
0500-21052016_233.wav,0,1,0,0
0500-21062016_140.wav,1,1,0,0
0500-25032016_283.wav,0,0,1,0
0500-25072016_116.wav,0,1,0,0
0500-27062016_32.wav,0,1,0,0
0500-27062016_320.wav,0,1,0,0
0500-27062016_321.wav,0,1,0,0
0500-27062016_322.wav,0,0,0,1
0500-27062016_323.wav,0,0,0,1
0500-27062016_324.wav,0,1,0,0
0500-27062016_325.wav,0,1,0,0
0500-27062016_326.wav,0,1,0,0
0500-27062016_327.wav,0,1,0,0
0500-27062016_328.wav,1,1,0,0
0500-27062016_329.wav,0,1,1,0
0500-29032016_23.wav,0,0,1,0
0500-29032016_230.wav,1,0,1,0
0500-29032016_231.wav,0,0,1,0
0500-29032016_232.wav,0,1,0,0
0500-29032016_234.wav,1,1,1,0
0500-29032016_235.wav,0,1,1,0
0500-29032016_239.wav,1,1,1,0
0500-29042016_211.wav,0,1,0,0
0500-30062016_18.wav,0,1,0,0
0500-30062016_182.wav,1,1,0,0
0500-30062016_183.wav,0,0,0,1
0500-30062016_184.wav,1,1,0,0
0500-30062016_185.wav,0,1,0,0
0500-30062016_186.wav,0,0,0,1
0500-30062016_187.wav,0,1,0,0
0500-30062016_188.wav,0,1,0,0
0500-30062016_282.wav,0,1,0,0
0500-30072016_28.wav,0,1,0,0
0500-31032016_32.wav,0,0,0,1
0500-31032016_321.wav,0,1,0,0
0500-31032016_322.wav,0,0,0,1
0500-31032016_324.wav,0,1,0,0
0500-31032016_325.wav,0,1,0,0
0500-31032016_326.wav,0,1,0,0
0500-31032016_329.wav,1,1,0,0
0510-01052016_88.wav,1,1,0,0
0510-01062016_230.wav,0,1,0,0
0510-03062016_206.wav,1,1,0,0
0510-05062016_317.wav,0,1,0,0
0510-06072016_6.wav,0,1,0,0
0510-06072016_60.wav,1,1,0,0
0510-06072016_61.wav,0,1,0,0
0510-06072016_63.wav,0,1,0,0
0510-06072016_64.wav,0,1,0,0
0510-06072016_65.wav,0,1,1,0
0510-06072016_66.wav,1,1,0,0
0510-06072016_67.wav,1,1,0,0
0510-06072016_68.wav,0,1,0,0
0510-06072016_69.wav,0,1,1,0
0510-11052016_45.wav,0,1,0,0
0510-13052016_229.wav,0,1,0,0
0510-13062016_209.wav,1,1,1,0
0510-17042016_274.wav,1,1,0,0
0510-19042016_330.wav,0,1,0,0
0510-23062016_57.wav,0,1,0,0
0510-26042016_149.wav,0,0,1,0
0510-26052016_254.wav,0,1,0,0
0510-27062016_4.wav,1,1,0,0
0510-27062016_41.wav,0,1,0,0
0510-27062016_42.wav,0,1,0,0
0510-27062016_44.wav,0,1,1,0
0510-27062016_45.wav,0,1,0,0
0510-27062016_46.wav,0,1,1,0
0510-27062016_47.wav,1,1,0,0
0510-27062016_48.wav,1,1,0,0
0510-27062016_49.wav,0,1,0,0
0510-28042016_277.wav,0,1,0,0
0510-28052016_206.wav,1,1,0,0
0510-28062016_324.wav,0,1,0,0
0510-29052016_265.wav,0,1,1,0
0510-29062016_49.wav,0,1,0,0
0510-30042016_281.wav,1,1,0,0
0510-30042016_282.wav,1,1,0,0
0510-30072016_21.wav,0,0,0,1
0510-31052016_142.wav,0,0,0,1
0520-01052016_326.wav,1,1,0,0
0520-02072016_330.wav,0,1,0,0
0520-05072016_18.wav,0,1,0,0
0520-05072016_181.wav,0,0,1,0
0520-05072016_182.wav,1,1,0,0
0520-05072016_183.wav,0,0,0,1
0520-05072016_184.wav,1,1,0,0
0520-05072016_185.wav,0,1,0,0
0520-05072016_186.wav,0,0,0,1
0520-05072016_187.wav,1,1,0,0
0520-05072016_188.wav,0,0,0,1
0520-06072016_209.wav,0,1,1,0
0520-08072016_38.wav,0,1,0,0
0520-09062016_254.wav,0,0,1,0
0520-09062016_45.wav,0,0,1,0
0520-11072016_58.wav,0,1,0,0
0520-13052016_277.wav,1,1,0,0
0520-13072016_8.wav,0,1,1,0
0520-13072016_82.wav,1,1,0,0
0520-13072016_83.wav,0,1,0,0
0520-13072016_84.wav,0,0,0,1
0520-13072016_85.wav,1,1,0,0
0520-13072016_86.wav,0,1,1,0
0520-13072016_87.wav,0,1,0,0
0520-13072016_88.wav,0,1,0,0
0520-13072016_89.wav,0,0,0,1
0520-14062016_216.wav,0,1,0,0
0520-19042016_42.wav,1,1,0,0
0520-19042016_43.wav,0,1,0,0
0520-20042016_22.wav,1,1,0,0
0520-20042016_220.wav,0,1,0,0
0520-20042016_221.wav,0,1,0,0
0520-20042016_222.wav,0,1,1,0
0520-20042016_223.wav,1,1,0,0
0520-20042016_224.wav,0,1,0,0
0520-20042016_225.wav,0,1,0,0
0520-20042016_226.wav,0,1,1,0
0520-20042016_227.wav,0,1,0,0
0520-20042016_228.wav,0,1,0,0
0520-20042016_229.wav,0,1,0,0
0520-21052016_129.wav,0,1,0,0
0520-21062016_43.wav,0,1,0,0
0520-23042016_54.wav,1,1,0,0
0520-27052016_287.wav,1,1,0,0
0520-30062016_38.wav,0,1,1,0
0530-01072016_48.wav,1,1,0,0
0530-02042016_127.wav,0,1,0,0
0530-02052016_30.wav,0,1,0,0
0530-02052016_301.wav,0,0,0,1
0530-02052016_303.wav,0,1,0,0
0530-02052016_304.wav,0,1,0,0
0530-02052016_305.wav,0,0,0,1
0530-02052016_306.wav,0,1,1,0
0530-02052016_307.wav,0,1,0,0
0530-02052016_308.wav,0,1,1,0
0530-02052016_309.wav,1,1,0,0
0530-04072016_24.wav,0,1,0,0
0530-04072016_240.wav,0,1,0,0
0530-04072016_241.wav,1,1,0,0
0530-04072016_242.wav,1,1,0,0
0530-04072016_244.wav,1,1,0,0
0530-04072016_245.wav,1,1,0,0
0530-04072016_247.wav,0,1,0,0
0530-07062016_218.wav,1,1,0,0
0530-08032016_208.wav,0,1,0,0
0530-08052016_149.wav,0,1,0,0
0530-09032016_113.wav,1,1,0,0
0530-10062016_217.wav,0,1,0,0
0530-11072016_278.wav,0,1,0,0
0530-12042016_24.wav,0,1,1,0
0530-12042016_240.wav,0,1,0,0
0530-12042016_241.wav,0,1,0,0
0530-12042016_242.wav,1,1,0,0
0530-12042016_244.wav,1,1,0,0
0530-12042016_245.wav,1,1,0,0
0530-12042016_247.wav,1,1,0,0
0530-15052016_217.wav,0,1,0,0
0530-16042016_128.wav,1,1,0,0
0530-17032016_292.wav,1,1,0,0
0530-17062016_31.wav,0,1,1,0
0530-17062016_310.wav,0,0,1,0
0530-17062016_311.wav,0,1,0,0
0530-17062016_312.wav,0,1,1,0
0530-17062016_313.wav,0,1,1,0
0530-17062016_314.wav,0,0,0,1
0530-17062016_315.wav,0,1,1,0
0530-17062016_316.wav,0,1,1,0
0530-17062016_317.wav,0,1,1,0
0530-17062016_318.wav,0,0,0,1
0530-17062016_319.wav,0,0,0,1
0530-18072016_66.wav,1,0,0,0
0530-19042016_67.wav,1,1,0,0
0530-20062016_58.wav,0,1,0,0
0530-21042016_216.wav,1,1,0,0
0530-22062016_10.wav,0,1,0,0
0530-22062016_102.wav,0,1,0,0
0530-22062016_103.wav,0,0,0,1
0530-22062016_104.wav,0,1,0,0
0530-22062016_105.wav,0,1,0,0
0530-22062016_107.wav,0,1,0,0
0530-22062016_108.wav,0,1,0,0
0530-22062016_109.wav,1,1,0,0
0530-24042016_283.wav,0,1,0,0
0530-25042016_229.wav,0,1,0,0
0530-25062016_240.wav,0,1,0,0
0530-26042016_147.wav,0,1,1,0
0530-27052016_285.wav,0,1,0,0
0530-28052016_310.wav,0,1,0,0
0530-31032016_3.wav,0,1,0,0
0530-31032016_30.wav,0,1,0,0
0530-31032016_301.wav,0,0,0,1
0530-31032016_303.wav,1,1,0,0
0530-31032016_304.wav,0,1,0,0
0530-31032016_305.wav,0,0,0,1
0530-31032016_306.wav,0,1,0,0
0530-31032016_307.wav,0,1,0,0
0530-31032016_309.wav,0,1,0,0
0530-31032016_311.wav,1,1,0,0
0530-31032016_313.wav,1,1,0,0
0530-31032016_317.wav,0,1,0,0
0530-31032016_318.wav,0,1,0,0
0530-31032016_32.wav,0,1,0,0
0530-31032016_321.wav,0,1,0,0
0530-31032016_322.wav,0,0,0,1
0530-31032016_324.wav,1,1,0,0
0530-31032016_325.wav,0,1,0,0
0530-31032016_326.wav,0,1,0,0
0530-31032016_329.wav,1,1,0,0
0530-31032016_331.wav,1,1,0,0
0530-31032016_34.wav,0,1,0,0
0530-31032016_36.wav,0,1,0,0
0530-31032016_38.wav,0,1,0,0
0530-31032016_39.wav,1,1,0,0
0530-31052016_293.wav,0,1,0,0
0540-01032016_212.wav,0,0,0,1
0540-02072016_149.wav,0,1,0,0
0540-05052016_44.wav,0,1,0,0
0540-06052016_113.wav,1,1,0,0
0540-06052016_57.wav,0,1,0,0
0540-09032016_218.wav,1,1,0,0
0540-10072016_250.wav,0,1,1,0
0540-10072016_251.wav,0,1,1,0
0540-10072016_252.wav,0,1,1,0
0540-10072016_255.wav,1,1,0,0
0540-10072016_256.wav,1,1,0,0
0540-10072016_257.wav,0,1,0,0
0540-10072016_258.wav,0,0,0,1
0540-10072016_259.wav,0,1,0,0
0540-11042016_316.wav,0,1,0,0
0540-11072016_211.wav,0,1,0,0
0540-14072016_220.wav,0,0,0,1
0540-15052016_289.wav,0,1,0,0
0540-18032016_44.wav,1,0,0,0
0540-20052016_210.wav,0,1,0,0
0540-22032016_311.wav,0,1,0,0
0540-22042016_278.wav,0,1,0,0
0540-24032016_282.wav,0,1,0,0
0540-24062016_218.wav,0,1,0,0
0540-25052016_120.wav,0,1,0,0
0540-25062016_325.wav,0,1,0,0
0540-25072016_49.wav,0,1,0,0
0540-28032016_15.wav,1,1,0,0
0540-28032016_152.wav,0,1,0,0
0540-28032016_154.wav,0,1,0,0
0540-28032016_157.wav,0,1,0,0
0540-28032016_158.wav,0,1,0,0
0540-28032016_159.wav,0,1,0,0
0540-29072016_43.wav,0,1,0,0
0540-30042016_8.wav,0,1,0,0
0540-30042016_82.wav,1,1,0,0
0540-30042016_83.wav,0,1,0,0
0540-30042016_84.wav,0,1,0,0
0540-30042016_85.wav,1,1,0,0
0540-30042016_86.wav,0,1,1,0
0540-30042016_87.wav,0,1,0,0
0540-30042016_88.wav,0,1,0,0
0550-01042016_230.wav,0,1,0,0
0550-01052016_239.wav,0,1,0,0
0550-02052016_224.wav,1,1,0,0
0550-03052016_3.wav,1,1,0,0
0550-03052016_30.wav,1,1,0,0
0550-03052016_301.wav,0,0,0,1
0550-03052016_303.wav,0,1,0,0
0550-03052016_304.wav,0,1,0,0
0550-03052016_305.wav,0,0,0,1
0550-03052016_306.wav,0,1,1,0
0550-03052016_307.wav,0,1,0,0
0550-03052016_308.wav,0,1,0,0
0550-03052016_309.wav,1,1,0,0
0550-03052016_31.wav,0,1,0,0
0550-03052016_310.wav,0,1,0,0
0550-03052016_311.wav,1,1,0,0
0550-03052016_312.wav,0,1,0,0
0550-03052016_313.wav,0,1,0,0
0550-03052016_315.wav,0,1,0,0
0550-03052016_316.wav,0,1,0,0
0550-03052016_317.wav,0,1,0,0
0550-03052016_318.wav,0,0,0,1
0550-03052016_319.wav,0,0,0,1
0550-03052016_320.wav,0,1,0,0
0550-03052016_321.wav,0,1,0,0
0550-03052016_322.wav,0,0,0,1
0550-03052016_323.wav,0,0,0,1
0550-03052016_324.wav,0,1,0,0
0550-03052016_325.wav,0,1,0,0
0550-03052016_326.wav,0,1,0,0
0550-03052016_327.wav,0,1,0,0
0550-03052016_328.wav,1,1,0,0
0550-03052016_329.wav,1,1,0,0
0550-03052016_33.wav,0,0,0,1
0550-03052016_330.wav,0,1,0,0
0550-03052016_331.wav,1,1,0,0
0550-03052016_37.wav,0,0,0,1
0550-03052016_38.wav,0,1,0,0
0550-03052016_39.wav,1,1,0,0
0550-04052016_292.wav,0,1,0,0
0550-06042016_38.wav,1,1,0,0
0550-08052016_325.wav,0,1,0,0
0550-08062016_288.wav,0,1,0,0
0550-09062016_148.wav,0,1,0,0
0550-10052016_148.wav,0,1,0,0
0550-14032016_223.wav,1,0,0,0
0550-14072016_224.wav,0,0,0,1
0550-20042016_310.wav,0,1,0,0
0550-21042016_48.wav,0,1,1,0
0550-22052016_72.wav,0,1,0,0
0550-22062016_231.wav,0,1,0,0
0550-22062016_61.wav,0,1,0,0
0550-22072016_286.wav,0,0,0,1
0550-25052016_23.wav,0,1,0,0
0550-25052016_230.wav,0,1,0,0
0550-25052016_232.wav,0,1,0,0
0550-25052016_233.wav,0,1,0,0
0550-25052016_234.wav,0,1,0,0
0550-25052016_235.wav,0,1,0,0
0550-25052016_237.wav,0,1,0,0
0550-25052016_239.wav,0,1,0,0
0550-27072016_63.wav,0,1,0,0
0550-28072016_261.wav,1,1,0,0
0550-29062016_116.wav,0,1,1,0
0550-30032016_41.wav,1,1,0,0
0550-31032016_141.wav,0,1,0,0
0600-02052016_128.wav,0,1,0,0
0600-02052016_223.wav,1,1,0,0
0600-02072016_4.wav,1,0,1,0
0600-02072016_41.wav,0,1,0,0
0600-02072016_42.wav,0,1,0,0
0600-02072016_45.wav,0,0,1,0
0600-02072016_46.wav,0,1,1,0
0600-02072016_47.wav,0,0,1,0
0600-02072016_48.wav,0,1,1,0
0600-02072016_49.wav,0,1,1,0
0600-05042016_130.wav,0,1,0,0
0600-05052016_76.wav,0,1,0,0
0600-05072016_10.wav,0,1,0,0
0600-05072016_102.wav,0,1,0,0
0600-05072016_103.wav,0,0,0,1
0600-05072016_104.wav,1,1,0,0
0600-05072016_105.wav,0,1,0,0
0600-05072016_107.wav,0,1,0,0
0600-05072016_108.wav,0,1,1,0
0600-05072016_109.wav,0,1,0,0
0600-07072016_208.wav,0,1,1,0
0600-12042016_115.wav,0,1,0,0
0600-14062016_6.wav,0,1,0,0
0600-14062016_64.wav,0,1,0,0
0600-14062016_65.wav,0,1,1,0
0600-14062016_66.wav,0,1,0,0
0600-14062016_67.wav,1,1,0,0
0600-14062016_68.wav,0,1,0,0
0600-14062016_69.wav,0,1,0,0
0600-16052016_22.wav,0,0,1,0
0600-16052016_220.wav,0,0,1,0
0600-16052016_221.wav,0,1,1,0
0600-16052016_222.wav,0,1,1,0
0600-16052016_224.wav,0,1,1,0
0600-16052016_225.wav,0,1,0,0
0600-16052016_226.wav,0,1,1,0
0600-16052016_227.wav,0,1,1,0
0600-16052016_228.wav,0,1,1,0
0600-16052016_229.wav,0,1,0,0
0600-18042016_143.wav,1,1,0,0
0600-18052016_140.wav,0,1,0,0
0600-19042016_19.wav,0,1,0,0
0600-19042016_190.wav,0,0,0,1
0600-19042016_191.wav,0,0,1,0
0600-19042016_192.wav,0,0,1,0
0600-19042016_193.wav,0,0,1,0
0600-19042016_194.wav,0,1,1,0
0600-19042016_195.wav,0,1,1,0
0600-19042016_196.wav,0,0,1,0
0600-19042016_197.wav,0,0,1,0
0600-19042016_198.wav,0,0,1,0
0600-19042016_199.wav,0,0,0,1
0600-19072016_4.wav,1,1,0,0
0600-20062016_311.wav,0,1,0,0
0600-21042016_209.wav,1,1,0,0
0600-22062016_67.wav,1,1,0,0
0600-23032016_23.wav,0,1,0,0
0600-23032016_230.wav,0,1,0,0
0600-23032016_231.wav,0,1,0,0
0600-23032016_232.wav,0,1,0,0
0600-23032016_233.wav,1,1,0,0
0600-23032016_234.wav,0,1,0,0
0600-23032016_235.wav,0,1,0,0
0600-23032016_236.wav,0,1,0,0
0600-23032016_239.wav,0,1,0,0
0600-28062016_22.wav,1,1,0,0
0600-28062016_220.wav,0,1,0,0
0600-28062016_221.wav,0,1,0,0
0600-28062016_223.wav,1,1,0,0
0600-28062016_224.wav,0,1,0,0
0600-28062016_225.wav,0,1,0,0
0600-28062016_226.wav,0,1,0,0
0600-28062016_227.wav,0,1,1,0
0600-28062016_228.wav,0,1,1,0
0600-28062016_229.wav,0,1,0,0
0600-29032016_38.wav,0,1,0,0
0610-02042016_7.wav,0,1,0,0
0610-02042016_70.wav,0,0,1,0
0610-02042016_71.wav,0,1,1,0
0610-02042016_72.wav,0,1,0,0
0610-02042016_74.wav,0,1,0,0
0610-02042016_75.wav,0,1,1,0
0610-07062016_324.wav,0,1,0,0
0610-09052016_223.wav,1,1,0,0
0610-10032016_325.wav,0,1,0,0
0610-10042016_265.wav,0,0,0,1
0610-12052016_49.wav,0,1,1,0
0610-13042016_39.wav,1,1,0,0
0610-13052016_317.wav,0,1,0,0
0610-14072016_324.wav,0,1,0,0
0610-16072016_47.wav,1,1,0,0
0610-17032016_235.wav,0,1,0,0
0610-20052016_237.wav,0,1,0,0
0610-21042016_315.wav,0,1,0,0
0610-26032016_49.wav,0,1,0,0
0610-27042016_129.wav,0,0,1,0
0620-01072016_15.wav,0,1,0,0
0620-01072016_152.wav,0,0,1,0
0620-01072016_153.wav,1,0,0,0
0620-01072016_154.wav,0,0,1,0
0620-01072016_155.wav,0,1,1,0
0620-01072016_157.wav,0,1,1,0
0620-01072016_158.wav,0,1,1,0
0620-01072016_159.wav,0,1,1,0
0620-02072016_231.wav,0,1,0,0
0620-04042016_18.wav,1,1,0,0
0620-04042016_181.wav,0,0,0,1
0620-04042016_183.wav,0,0,0,1
0620-05042016_240.wav,1,1,1,0
0620-08042016_3.wav,1,1,0,0
0620-08042016_30.wav,1,1,0,0
0620-08042016_301.wav,0,0,0,1
0620-08042016_303.wav,0,1,0,0
0620-08042016_304.wav,0,1,1,0
0620-08042016_305.wav,0,0,0,1
0620-08042016_306.wav,0,1,1,0
0620-08042016_307.wav,0,1,1,0
0620-08042016_309.wav,0,1,1,0
0620-08042016_311.wav,1,1,0,0
0620-08042016_313.wav,0,1,0,0
0620-08042016_316.wav,0,1,0,0
0620-08042016_317.wav,0,1,0,0
0620-08042016_318.wav,0,1,0,0
0620-08042016_32.wav,1,1,0,0
0620-08042016_321.wav,0,1,0,0
0620-08042016_322.wav,0,0,0,1
0620-08042016_324.wav,0,1,0,0
0620-08042016_325.wav,1,1,0,0
0620-08042016_326.wav,0,1,1,0
0620-08042016_329.wav,0,1,1,0
0620-08042016_331.wav,1,1,0,0
0620-08042016_34.wav,0,1,0,0
0620-08042016_36.wav,1,1,0,0
0620-08042016_38.wav,0,1,0,0
0620-08042016_39.wav,1,1,0,0
0620-08062016_15.wav,0,1,0,0
0620-08062016_152.wav,0,1,1,0
0620-08062016_153.wav,1,0,0,0
0620-08062016_154.wav,0,1,0,0
0620-08062016_155.wav,0,1,1,0
0620-08062016_157.wav,1,1,1,0
0620-08062016_158.wav,0,1,0,0
0620-08062016_159.wav,0,1,1,0
0620-14072016_310.wav,0,0,0,1
0620-20052016_235.wav,0,1,0,0
0620-20062016_299.wav,1,1,0,0
0620-20062016_8.wav,0,1,0,0
0620-20062016_82.wav,1,1,0,0
0620-20062016_83.wav,0,1,0,0
0620-20062016_84.wav,0,1,0,0
0620-20062016_85.wav,1,1,0,0
0620-20062016_86.wav,0,1,0,0
0620-20062016_87.wav,0,1,0,0
0620-20062016_88.wav,0,1,0,0
0620-22062016_19.wav,0,1,0,0
0620-22062016_190.wav,0,0,0,1
0620-22062016_193.wav,0,1,1,0
0620-22062016_194.wav,0,1,0,0
0620-22062016_195.wav,0,1,0,0
0620-22062016_196.wav,0,1,0,0
0620-22062016_197.wav,0,0,0,1
0620-22062016_198.wav,0,1,1,0
0620-22062016_199.wav,0,0,0,1
0620-25042016_72.wav,0,0,0,1
0620-26042016_66.wav,1,1,1,0
0620-26052016_39.wav,0,1,0,0
0620-28072016_35.wav,0,1,0,0
0620-29072016_32.wav,0,1,0,0
0620-29072016_323.wav,0,0,0,1
0620-30032016_28.wav,0,1,1,0
0620-30032016_281.wav,0,1,0,0
0620-30032016_282.wav,0,1,0,0
0620-30032016_284.wav,0,1,1,0
0620-30032016_285.wav,0,1,0,0
0620-30052016_12.wav,0,1,1,0
0620-30052016_120.wav,1,1,0,0
0620-30052016_125.wav,0,0,0,1
0620-30052016_126.wav,0,0,0,1
0620-30052016_127.wav,0,1,0,0
0620-30052016_128.wav,0,1,0,0
0620-30052016_129.wav,0,1,0,0
0630-01042016_32.wav,0,1,0,0
0630-01042016_321.wav,0,1,0,0
0630-01042016_322.wav,0,0,0,1
0630-01042016_324.wav,0,0,0,1
0630-01042016_325.wav,0,0,0,1
0630-01042016_326.wav,0,0,0,1
0630-01042016_329.wav,0,1,0,0
0630-03042016_233.wav,0,1,0,0
0630-04042016_313.wav,0,1,0,0
0630-04052016_8.wav,0,1,0,0
0630-04052016_82.wav,1,1,0,0
0630-04052016_83.wav,0,1,0,0
0630-04052016_84.wav,0,1,0,0
0630-04052016_85.wav,1,1,0,0
0630-04052016_86.wav,0,1,0,0
0630-04052016_87.wav,0,1,0,0
0630-04052016_88.wav,0,1,0,0
0630-06042016_235.wav,0,1,0,0
0630-09032016_127.wav,0,0,0,1
0630-12062016_68.wav,0,0,0,1
0630-16042016_23.wav,0,1,0,0
0630-16042016_231.wav,0,1,0,0
0630-16042016_232.wav,0,1,1,0
0630-16042016_233.wav,0,1,0,0
0630-16042016_235.wav,0,1,0,0
0630-16042016_239.wav,0,1,0,0
0630-20042016_28.wav,0,1,0,0
0630-20042016_280.wav,0,1,0,0
0630-20042016_281.wav,0,1,0,0
0630-20042016_282.wav,0,1,0,0
0630-20042016_284.wav,0,0,1,0
0630-20042016_285.wav,0,1,0,0
0630-20042016_286.wav,0,1,0,0
0630-20042016_288.wav,0,1,0,0
0630-20042016_289.wav,0,1,0,0
0630-20042016_47.wav,1,1,0,0
0630-27072016_36.wav,0,1,1,0
0630-28042016_31.wav,0,1,0,0
0630-28042016_310.wav,0,0,1,0
0630-28042016_311.wav,1,1,1,0
0630-28042016_312.wav,0,0,1,0
0630-28042016_313.wav,0,1,0,0
0630-28042016_315.wav,0,1,0,0
0630-28042016_316.wav,1,1,0,0
0630-28042016_317.wav,0,1,0,0
0630-28042016_319.wav,0,0,0,1
0630-28062016_63.wav,0,1,0,0
0630-29042016_68.wav,0,1,0,0
0640-02032016_237.wav,0,1,1,0
0640-06042016_41.wav,1,1,0,0
0640-07042016_215.wav,0,1,0,0
0640-07052016_107.wav,0,1,0,0
0640-09042016_199.wav,0,0,0,1
0640-12032016_303.wav,0,0,0,1
0640-13032016_206.wav,1,1,0,0
0640-20032016_234.wav,0,1,0,0
0640-20052016_49.wav,0,1,0,0
0640-23032016_214.wav,0,1,0,0
0640-26032016_30.wav,0,1,0,0
0640-26032016_301.wav,0,0,0,1
0640-26032016_303.wav,0,1,0,0
0640-26032016_304.wav,0,1,0,0
0640-26032016_305.wav,0,0,0,1
0640-26032016_306.wav,0,1,0,0
0640-26032016_307.wav,0,1,0,0
0640-26032016_309.wav,0,1,0,0
0650-01072016_225.wav,0,1,0,0
0650-03052016_42.wav,1,1,0,0
0650-03062016_45.wav,0,1,0,0
0650-08042016_61.wav,0,1,0,0
0650-09042016_212.wav,0,1,0,0
0650-10032016_261.wav,1,0,0,0
0650-11032016_199.wav,1,0,0,0
0650-11042016_224.wav,0,1,0,0
0650-11072016_282.wav,0,1,0,0
0650-13042016_220.wav,0,1,0,0
0650-18052016_315.wav,1,1,0,0
0650-20032016_46.wav,0,1,0,0
0650-20052016_234.wav,0,1,0,0
0650-21042016_299.wav,1,1,0,0
0650-22032016_20.wav,1,1,0,0
0650-22032016_200.wav,1,1,0,0
0650-22032016_201.wav,0,1,0,0
0650-22032016_202.wav,0,1,1,0
0650-22032016_203.wav,0,1,1,0
0650-22032016_205.wav,0,0,0,1
0650-22032016_206.wav,1,1,0,0
0650-22032016_208.wav,0,1,0,0
0650-22032016_209.wav,1,1,0,0
0650-22032016_45.wav,1,1,0,0
0650-22042016_148.wav,1,1,0,0
0650-22052016_129.wav,0,1,0,0
0650-24042016_76.wav,0,0,0,1
0650-26052016_187.wav,1,1,0,0
0650-27062016_310.wav,0,1,0,0
0650-27062016_311.wav,1,1,0,0
0650-27062016_312.wav,1,1,0,0
0650-27062016_313.wav,0,1,0,0
0650-27062016_314.wav,0,0,0,1
0650-27062016_315.wav,0,1,0,0
0650-27062016_316.wav,0,1,0,0
0650-27062016_317.wav,0,1,0,0
0650-27062016_318.wav,1,0,0,0
0650-27062016_319.wav,0,0,0,1
0650-28042016_135.wav,1,0,0,0
0700-02062016_209.wav,0,1,0,0
0700-17062016_254.wav,0,1,1,0
0700-20042016_217.wav,0,1,1,0
0700-22032016_19.wav,0,1,0,0
0700-22032016_191.wav,0,0,0,1
0700-22032016_192.wav,0,0,1,0
0700-22032016_193.wav,0,1,1,0
0700-22032016_194.wav,0,0,0,1
0700-22032016_195.wav,1,1,1,0
0700-22032016_196.wav,0,0,1,0
0700-22032016_197.wav,0,0,0,1
0700-22032016_198.wav,0,1,1,0
0700-22032016_199.wav,0,0,1,0
0700-22032016_236.wav,0,1,1,0
0700-23032016_317.wav,0,1,1,0
0700-25032016_285.wav,0,1,0,0
0700-25032016_47.wav,0,1,1,0
0700-26042016_206.wav,1,1,0,0
0700-29032016_61.wav,0,1,0,0
0700-29042016_285.wav,0,1,0,0
0700-30062016_81.wav,0,0,1,0
0710-01042016_234.wav,0,0,0,1
0710-01052016_48.wav,1,1,1,0
0710-03032016_209.wav,1,1,0,0
0710-07042016_45.wav,0,1,0,0
0710-14042016_208.wav,0,1,0,0
0710-15052016_6.wav,0,1,0,0
0710-15052016_60.wav,0,1,1,0
0710-15052016_64.wav,0,1,1,0
0710-15052016_65.wav,0,1,1,0
0710-15052016_66.wav,0,1,0,0
0710-15052016_67.wav,1,1,0,0
0710-15052016_68.wav,0,1,0,0
0710-15052016_69.wav,0,1,1,0
0710-16032016_281.wav,0,1,1,0
0710-16032016_289.wav,0,1,1,0
0710-18032016_313.wav,1,1,0,0
0710-18052016_293.wav,1,1,0,0
0710-21042016_29.wav,0,1,0,0
0710-21042016_291.wav,0,0,0,1
0710-21042016_292.wav,1,1,0,0
0710-21042016_293.wav,1,1,0,0
0710-21042016_294.wav,1,0,0,0
0710-21042016_295.wav,1,1,0,0
0710-21042016_298.wav,1,1,0,0
0710-21042016_299.wav,0,1,0,0
0710-21042016_312.wav,0,1,0,0
0710-25032016_66.wav,1,1,0,0
0710-25042016_15.wav,1,1,0,0
0710-25042016_152.wav,0,1,1,0
0710-25042016_153.wav,1,1,1,0
0710-25042016_154.wav,0,0,0,1
0710-25042016_155.wav,0,1,1,0
0710-25042016_157.wav,0,0,1,0
0710-25042016_158.wav,0,1,1,0
0710-25042016_159.wav,0,1,1,0
0710-25072016_61.wav,0,1,0,0
0710-26042016_292.wav,0,0,0,1
0710-30062016_17.wav,0,1,0,0
0710-30062016_170.wav,1,1,1,0
0710-30062016_171.wav,0,1,0,0
0710-30062016_172.wav,0,1,0,0
0710-30062016_173.wav,0,0,0,1
0710-30062016_174.wav,0,1,1,0
0710-30062016_176.wav,0,1,0,0
0710-30062016_177.wav,0,1,1,0
0710-30062016_178.wav,0,1,1,0
0710-30062016_179.wav,0,1,0,0
0720-03052016_44.wav,1,1,0,0
0720-05042016_311.wav,1,1,1,0
0720-07042016_231.wav,0,1,1,0
0720-09042016_42.wav,1,1,0,0
0720-12072016_229.wav,0,1,0,0
0720-14042016_21.wav,1,1,0,0
0720-14042016_210.wav,0,1,0,0
0720-14042016_211.wav,0,1,0,0
0720-14042016_212.wav,0,1,0,0
0720-14042016_214.wav,0,1,0,0
0720-14042016_216.wav,0,1,0,0
0720-14042016_217.wav,0,1,0,0
0720-14042016_218.wav,0,1,0,0
0720-20072016_44.wav,0,0,0,1
0720-23032016_6.wav,0,1,1,0
0720-23032016_60.wav,0,1,1,0
0720-23032016_61.wav,0,1,0,0
0720-23032016_65.wav,1,1,0,0
0720-23032016_66.wav,1,1,0,0
0720-23032016_67.wav,1,1,1,0
0720-27032016_18.wav,0,1,0,0
0720-27032016_181.wav,0,0,0,1
0720-27032016_182.wav,1,0,1,0
0720-27032016_183.wav,0,0,0,1
0720-27032016_186.wav,0,0,0,1
0720-29032016_39.wav,1,1,0,0
0720-30072016_317.wav,0,0,1,0
0730-04062016_30.wav,0,1,1,0
0730-04062016_301.wav,0,0,0,1
0730-04062016_303.wav,0,1,0,0
0730-04062016_304.wav,0,1,1,0
0730-04062016_305.wav,0,0,0,1
0730-04062016_307.wav,0,1,1,0
0730-04062016_308.wav,0,1,0,0
0730-04062016_309.wav,0,1,0,0
0730-04072016_278.wav,1,1,0,0
0730-05032016_287.wav,0,1,0,0
0730-12052016_278.wav,0,1,0,0
0730-14042016_239.wav,0,1,0,0
0730-16072016_289.wav,0,1,0,0
0730-19062016_250.wav,0,1,0,0
0730-19062016_251.wav,1,1,0,0
0730-19062016_252.wav,0,1,1,0
0730-19062016_255.wav,0,1,1,0
0730-19062016_256.wav,0,1,1,0
0730-19062016_257.wav,0,0,0,1
0730-19062016_258.wav,0,0,0,1
0730-19062016_259.wav,0,1,1,0
0730-20062016_214.wav,1,1,0,0
0730-22052016_235.wav,0,1,0,0
0730-26032016_233.wav,0,1,0,0
0730-27032016_210.wav,0,1,0,0
0730-30042016_129.wav,0,1,1,0
0730-31072016_40.wav,1,1,0,0
0740-05062016_47.wav,1,1,0,0
0740-09052016_208.wav,0,1,0,0
0740-12032016_148.wav,0,1,0,0
0740-17072016_66.wav,1,0,0,0
0740-23032016_3.wav,1,1,0,0
0740-23032016_30.wav,0,1,1,0
0740-23032016_301.wav,0,0,0,1
0740-23032016_303.wav,0,1,1,0
0740-23032016_304.wav,0,1,1,0
0740-23032016_305.wav,0,0,0,1
0740-23032016_306.wav,0,1,1,0
0740-23032016_307.wav,0,1,1,0
0740-23032016_309.wav,1,1,0,0
0740-23032016_311.wav,1,1,0,0
0740-23032016_313.wav,0,1,0,0
0740-23032016_316.wav,0,1,0,0
0740-23032016_317.wav,0,1,1,0
0740-23032016_318.wav,0,1,0,0
0740-23032016_32.wav,1,1,0,0
0740-23032016_321.wav,0,1,0,0
0740-23032016_322.wav,0,0,0,1
0740-23032016_324.wav,1,1,0,0
0740-23032016_325.wav,0,1,0,0
0740-23032016_326.wav,0,1,0,0
0740-23032016_329.wav,0,1,1,0
0740-23032016_331.wav,1,1,1,0
0740-23032016_34.wav,0,1,0,0
0740-23032016_36.wav,0,1,0,0
0740-23032016_38.wav,0,1,0,0
0740-23032016_39.wav,1,1,0,0
0740-29032016_290.wav,0,0,0,1
0740-29032016_316.wav,1,0,0,0
0740-30062016_231.wav,0,1,0,0
0740-30062016_239.wav,0,1,0,0
0750-04042016_265.wav,0,0,0,1
0750-09052016_148.wav,0,1,0,0
0750-11032016_217.wav,1,1,0,0
0750-13072016_129.wav,1,1,0,0
0750-14032016_240.wav,0,1,1,0
0750-16032016_230.wav,1,0,0,0
0750-17072016_15.wav,0,1,1,0
0750-17072016_152.wav,0,0,1,0
0750-17072016_153.wav,0,0,1,0
0750-17072016_154.wav,0,0,0,1
0750-17072016_155.wav,0,1,1,0
0750-17072016_157.wav,0,1,1,0
0750-17072016_158.wav,0,1,0,0
0750-17072016_159.wav,0,1,1,0
0750-18042016_120.wav,0,1,1,0
0750-21072016_206.wav,1,1,0,0
0750-22062016_8.wav,0,1,0,0
0750-22062016_82.wav,0,1,1,0
0750-22062016_83.wav,0,1,0,0
0750-22062016_84.wav,0,1,0,0
0750-22062016_85.wav,0,1,0,0
0750-22062016_86.wav,0,1,0,0
0750-22062016_87.wav,1,1,1,0
0750-22062016_88.wav,0,1,0,0
0750-23032016_231.wav,0,1,0,0
0750-25032016_43.wav,0,1,0,0
0750-26032016_142.wav,0,0,0,1
0750-28032016_274.wav,0,1,0,0
0750-29032016_7.wav,0,1,1,0
0750-29032016_70.wav,0,0,1,0
0750-29032016_71.wav,0,0,1,0
0750-29032016_72.wav,1,1,0,0
0750-29032016_74.wav,0,0,1,0
0750-29032016_75.wav,0,0,1,0
0750-30032016_67.wav,1,1,0,0
0800-08062016_107.wav,1,1,0,0
0800-09032016_220.wav,0,1,0,0
0800-10052016_326.wav,0,1,0,0
0800-18042016_22.wav,1,1,0,0
0800-18042016_220.wav,0,1,0,0
0800-18042016_221.wav,0,1,1,0
0800-18042016_222.wav,0,1,1,0
0800-18042016_223.wav,1,1,0,0
0800-18042016_224.wav,0,1,0,0
0800-18042016_225.wav,0,1,1,0
0800-18042016_226.wav,0,1,1,0
0800-18042016_227.wav,0,1,1,0
0800-18042016_229.wav,1,1,0,0
0800-19032016_72.wav,1,1,0,0
0800-24052016_330.wav,1,1,0,0
0800-25032016_171.wav,0,1,0,0
0800-25032016_22.wav,1,1,1,0
0800-25032016_221.wav,0,0,1,0
0800-25032016_223.wav,1,1,0,0
0800-25032016_224.wav,0,1,1,0
0800-25032016_225.wav,0,1,0,0
0800-25032016_226.wav,0,1,1,0
0800-25032016_227.wav,1,1,1,0
0800-25032016_229.wav,0,1,1,0
0800-25032016_239.wav,1,1,0,0
0800-25062016_135.wav,1,1,0,0
0800-27032016_21.wav,1,1,1,0
0800-27032016_210.wav,0,1,0,0
0800-27032016_212.wav,0,1,1,0
0800-27032016_214.wav,1,1,0,0
0800-27032016_215.wav,1,1,1,0
0800-27032016_217.wav,1,1,0,0
0800-27032016_218.wav,1,1,0,0
0800-27042016_230.wav,1,1,1,0
0800-27062016_281.wav,1,1,0,0
0800-29032016_32.wav,1,1,0,0
0800-29032016_322.wav,0,0,0,1
0800-29032016_324.wav,1,1,1,0
0800-29032016_325.wav,0,1,1,0
0800-29032016_326.wav,0,1,1,0
0800-29032016_329.wav,0,0,1,0
0810-12062016_313.wav,0,1,0,0
0810-12072016_24.wav,1,0,1,0
0810-12072016_240.wav,0,1,0,0
0810-12072016_241.wav,0,1,0,0
0810-12072016_242.wav,0,1,1,0
0810-12072016_244.wav,0,1,1,0
0810-12072016_245.wav,0,1,1,0
0810-12072016_247.wav,0,1,1,0
0810-13052016_265.wav,1,1,0,0
0810-18062016_282.wav,1,1,0,0
0810-28062016_22.wav,1,1,0,0
0810-28062016_220.wav,0,0,1,0
0810-28062016_221.wav,0,0,1,0
0810-28062016_223.wav,1,1,0,0
0810-28062016_224.wav,0,1,1,0
0810-28062016_225.wav,0,1,0,0
0810-28062016_226.wav,0,1,1,0
0810-28062016_227.wav,0,1,1,0
0810-28062016_228.wav,1,1,1,0
0810-28062016_229.wav,0,1,0,0
0810-29062016_128.wav,1,1,0,0
0820-03032016_115.wav,1,0,0,0
0820-14032016_13.wav,0,1,0,0
0820-14032016_139.wav,0,0,1,0
0820-16032016_265.wav,0,0,0,1
0820-16072016_211.wav,0,1,0,0
0820-16072016_231.wav,1,1,0,0
0820-16072016_43.wav,0,1,0,0
0820-18072016_293.wav,1,1,0,0
0820-21052016_274.wav,1,1,0,0
0820-21052016_3.wav,1,1,0,0
0820-21052016_30.wav,1,1,0,0
0820-21052016_301.wav,0,0,0,1
0820-21052016_303.wav,0,1,0,0
0820-21052016_304.wav,0,1,1,0
0820-21052016_305.wav,0,0,0,1
0820-21052016_306.wav,0,1,1,0
0820-21052016_307.wav,1,1,1,0
0820-21052016_308.wav,0,0,1,0
0820-21052016_309.wav,1,0,1,0
0820-21052016_31.wav,0,1,0,0
0820-21052016_310.wav,0,1,0,0
0820-21052016_311.wav,1,1,0,0
0820-21052016_312.wav,0,1,0,0
0820-21052016_313.wav,0,1,1,0
0820-21052016_315.wav,0,1,0,0
0820-21052016_316.wav,0,1,0,0
0820-21052016_317.wav,0,1,0,0
0820-21052016_318.wav,0,0,0,1
0820-21052016_319.wav,0,0,0,1
0820-21052016_320.wav,0,1,1,0
0820-21052016_321.wav,1,1,0,0
0820-21052016_33.wav,0,0,0,1
0820-21052016_37.wav,0,0,0,1
0820-21052016_38.wav,0,1,0,0
0820-21052016_39.wav,1,1,0,0
1100-18032016_67.wav,1,1,0,0
1100-23032016_45.wav,1,1,1,0
1100-24042016_38.wav,1,1,1,0
1100-31032016_36.wav,1,1,0,0
1110-02062016_57.wav,0,1,0,0
1110-05042016_324.wav,1,1,0,0
1110-11052016_230.wav,0,1,1,0
1110-15052016_313.wav,1,1,0,0
1110-24062016_44.wav,1,1,1,0
1110-28032016_6.wav,1,1,1,0
1110-28032016_60.wav,0,1,1,0
1110-28032016_61.wav,0,1,0,0
1110-28032016_65.wav,1,1,1,0
1110-28032016_66.wav,1,1,0,0
1110-28032016_67.wav,1,1,0,0
1110-30042016_141.wav,0,1,0,0
1120-06072016_187.wav,1,1,1,0
1120-16052016_120.wav,0,1,1,0
1120-18072016_224.wav,1,1,0,0
1120-19072016_68.wav,1,0,0,0
1120-23042016_68.wav,1,1,1,0
1120-27032016_113.wav,1,1,0,0
1120-29032016_325.wav,1,0,1,0
1130-06062016_23.wav,1,1,0,0
1130-06062016_230.wav,0,1,0,0
1130-06062016_232.wav,0,1,0,0
1130-06062016_234.wav,0,1,0,0
1130-06062016_235.wav,0,1,0,0
1130-06062016_237.wav,0,1,0,0
1130-06062016_239.wav,1,1,0,0
1130-15052016_66.wav,1,1,0,0
1130-19032016_233.wav,1,1,0,0
1130-23042016_44.wav,1,1,1,0
1130-26032016_127.wav,0,1,0,0
1130-26042016_8.wav,0,1,1,0
1130-26042016_82.wav,1,1,1,0
1130-26042016_83.wav,0,0,1,0
1130-26042016_84.wav,0,0,1,0
1130-26042016_85.wav,1,1,1,0
1130-26042016_86.wav,0,1,1,0
1130-26042016_87.wav,0,0,1,0
1130-26042016_88.wav,0,1,0,0
1130-29052016_115.wav,0,1,0,0
1140-03072016_49.wav,1,1,1,0
1140-05042016_311.wav,1,1,0,0
1140-08072016_3.wav,1,1,0,0
1140-08072016_301.wav,0,0,0,1
1140-08072016_303.wav,0,1,0,0
1140-08072016_304.wav,0,1,0,0
1140-08072016_305.wav,0,0,1,0
1140-08072016_306.wav,0,1,1,0
1140-08072016_307.wav,0,1,1,0
1140-08072016_308.wav,0,1,1,0
1140-08072016_309.wav,1,1,1,0
1140-08072016_31.wav,0,1,0,0
1140-08072016_310.wav,0,1,0,0
1140-08072016_311.wav,1,1,0,0
1140-08072016_312.wav,0,1,0,0
1140-08072016_313.wav,0,1,0,0
1140-08072016_314.wav,0,0,0,1
1140-08072016_315.wav,1,1,0,0
1140-08072016_316.wav,0,1,0,0
1140-08072016_317.wav,1,1,1,0
1140-08072016_318.wav,0,0,0,1
1140-08072016_319.wav,0,0,0,1
1140-08072016_32.wav,1,1,0,0
1140-08072016_320.wav,0,1,1,0
1140-08072016_321.wav,1,1,1,0
1140-08072016_322.wav,0,0,0,1
1140-08072016_323.wav,0,0,0,1
1140-08072016_324.wav,0,1,0,0
1140-08072016_325.wav,1,1,0,0
1140-08072016_326.wav,0,1,0,0
1140-08072016_327.wav,1,1,1,0
1140-08072016_328.wav,1,1,0,0
1140-08072016_329.wav,1,1,1,0
1140-08072016_330.wav,1,1,0,0
1140-08072016_331.wav,1,1,1,0
1140-08072016_35.wav,1,1,0,0
1140-08072016_36.wav,1,1,0,0
1140-08072016_37.wav,0,0,0,1
1140-08072016_38.wav,0,1,0,0
1140-08072016_39.wav,0,1,0,0
1140-10072016_3.wav,1,1,0,0
1140-14072016_141.wav,0,1,1,0
1140-15072016_250.wav,1,1,1,0
1140-15072016_251.wav,1,1,1,0
1140-15072016_252.wav,0,0,1,0
1140-15072016_255.wav,1,1,1,0
1140-15072016_256.wav,1,1,0,0
1140-15072016_257.wav,0,1,0,0
1140-15072016_258.wav,0,0,0,1
1140-15072016_259.wav,0,1,1,0
1140-16042016_220.wav,1,1,1,0
1140-22042016_41.wav,1,1,0,0
1140-29062016_232.wav,1,1,1,0
1140-31032016_281.wav,1,0,1,0
1150-06062016_234.wav,1,1,0,0
1150-06072016_312.wav,1,1,0,0
1150-10042016_130.wav,1,1,1,0
1150-13062016_240.wav,0,0,1,0
1150-14042016_212.wav,0,1,0,0
1150-20042016_330.wav,1,1,1,0
1150-20072016_316.wav,1,0,1,0
1150-21042016_281.wav,1,1,0,0
1150-24062016_277.wav,1,1,0,0
1150-31052016_140.wav,0,1,0,0
1200-05072016_67.wav,1,1,1,0
1200-06052016_8.wav,0,1,1,0
1200-06052016_82.wav,1,1,0,0
1200-06052016_83.wav,1,1,0,0
1200-06052016_84.wav,1,1,0,0
1200-06052016_85.wav,0,1,1,0
1200-06052016_86.wav,1,1,1,0
1200-06052016_87.wav,0,1,1,0
1200-06052016_88.wav,1,1,1,0
1200-10052016_38.wav,0,1,0,0
1200-12062016_326.wav,1,0,1,0
1200-19032016_142.wav,0,0,1,0
1200-19072016_128.wav,1,1,0,0
1200-21032016_282.wav,1,1,0,0
1200-26042016_187.wav,0,0,0,1
1200-27062016_286.wav,1,1,0,0
1200-30062016_36.wav,1,1,0,0
1210-11032016_212.wav,0,1,1,0
1210-11042016_40.wav,0,1,1,0
1210-12072016_8.wav,1,1,0,0
1210-12072016_81.wav,1,1,0,0
1210-12072016_82.wav,1,1,0,0
1210-12072016_83.wav,1,1,1,0
1210-12072016_84.wav,1,1,0,0
1210-12072016_85.wav,1,1,1,0
1210-12072016_86.wav,0,1,0,0
1210-12072016_87.wav,1,1,1,0
1210-12072016_88.wav,0,1,0,0
1210-12072016_89.wav,0,0,1,0
1210-13062016_274.wav,0,0,1,0
1210-13072016_230.wav,0,1,1,0
1210-14032016_115.wav,1,1,1,0
1210-16072016_299.wav,1,0,1,0
1210-25072016_22.wav,1,1,0,0
1210-25072016_220.wav,0,1,1,0
1210-25072016_223.wav,1,0,1,0
1210-25072016_224.wav,0,1,0,0
1210-25072016_227.wav,1,1,1,0
1210-25072016_228.wav,0,1,1,0
1210-25072016_229.wav,1,1,1,0
1210-30042016_296.wav,1,0,0,0
1220-03042016_218.wav,1,1,1,0
1220-06042016_224.wav,1,1,1,0
1220-08072016_36.wav,1,1,1,0
1220-09032016_235.wav,0,0,0,1
1220-09062016_303.wav,0,1,0,0
1220-09062016_48.wav,1,1,0,0
1220-21042016_261.wav,1,1,0,0
1220-22032016_18.wav,1,1,0,0
1220-22032016_181.wav,0,0,1,0
1220-22032016_182.wav,1,1,1,0
1220-22032016_183.wav,1,0,0,0
1220-22032016_186.wav,1,0,0,0
1220-24062016_20.wav,1,1,1,0
1220-24062016_200.wav,0,1,1,0
1220-24062016_201.wav,1,1,0,0
1220-24062016_202.wav,0,1,1,0
1220-24062016_203.wav,0,1,0,0
1220-24062016_204.wav,0,0,0,1
1220-24062016_205.wav,0,1,0,0
1220-24062016_206.wav,1,1,0,0
1220-24062016_207.wav,1,1,1,0
1220-24062016_208.wav,1,1,1,0
1220-24062016_209.wav,1,1,1,0
1220-29042016_88.wav,1,1,1,0
1230-02032016_220.wav,1,0,0,0
1230-06032016_316.wav,0,0,1,0
1230-11072016_261.wav,1,1,0,0
1230-12042016_29.wav,0,1,1,0
1230-12042016_290.wav,1,1,0,0
1230-12042016_292.wav,1,1,1,0
1230-12042016_294.wav,0,1,1,0
1230-12042016_295.wav,1,1,1,0
1230-12042016_297.wav,0,0,0,1
1230-12042016_298.wav,0,1,1,0
1230-14072016_7.wav,1,1,0,0
1230-14072016_70.wav,0,1,1,0
1230-14072016_71.wav,1,1,1,0
1230-14072016_72.wav,1,1,0,0
1230-14072016_73.wav,1,0,0,0
1230-14072016_74.wav,0,1,1,0
1230-14072016_75.wav,1,1,1,0
1230-14072016_78.wav,1,1,1,0
1230-21062016_261.wav,1,1,0,0
1230-22042016_285.wav,1,1,0,0
1230-27042016_67.wav,1,0,1,0
1230-30072016_18.wav,1,1,0,0
1230-30072016_183.wav,0,1,0,0
1230-31052016_324.wav,1,1,0,0
1240-16032016_311.wav,1,1,0,0
1240-16042016_140.wav,1,1,0,0
1240-18032016_225.wav,0,0,1,0
1240-19042016_325.wav,0,1,0,0
1240-19062016_278.wav,1,1,0,0
1240-20052016_149.wav,1,1,0,0
1240-25042016_47.wav,1,1,1,0
1240-26052016_206.wav,1,1,1,0
1240-27032016_7.wav,0,1,0,0
1240-27032016_70.wav,1,1,1,0
1240-27032016_71.wav,1,1,1,0
1240-27032016_72.wav,1,1,0,0
1240-27032016_74.wav,1,1,1,0
1240-27032016_75.wav,1,1,1,0
1240-27052016_224.wav,1,1,0,0
1240-28042016_239.wav,1,1,1,0
1240-31032016_61.wav,1,1,0,0
1250-10072016_265.wav,0,1,0,0
1250-16032016_223.wav,1,1,0,0
1250-25062016_21.wav,1,1,0,0
1250-25062016_210.wav,0,1,1,0
1250-25062016_211.wav,0,1,0,0
1250-25062016_212.wav,0,1,1,0
1250-25062016_214.wav,1,1,0,0
1250-25062016_216.wav,0,1,1,0
1250-25062016_217.wav,1,1,0,0
1250-25062016_218.wav,1,1,0,0
1250-26032016_32.wav,0,1,0,0
1250-26032016_321.wav,0,1,1,0
1250-26032016_322.wav,1,0,0,0
1250-26032016_324.wav,0,1,0,0
1250-26032016_325.wav,1,1,0,0
1250-26032016_326.wav,0,1,1,0
1250-26032016_329.wav,1,1,1,0
1300-04052016_41.wav,1,1,1,0
1300-05032016_234.wav,0,0,1,0
1300-05052016_299.wav,1,1,1,0
1300-06062016_316.wav,0,1,1,0
1300-08042016_21.wav,0,1,1,0
1300-08042016_210.wav,1,1,1,0
1300-08042016_212.wav,0,1,1,0
1300-08042016_214.wav,1,1,1,0
1300-08042016_216.wav,1,1,1,0
1300-08042016_217.wav,0,1,1,0
1300-08042016_218.wav,1,1,0,0
1300-08072016_143.wav,0,1,0,0
1300-19042016_310.wav,1,1,1,0
1300-22052016_281.wav,0,1,0,0
1300-24032016_19.wav,1,1,1,0
1300-24032016_190.wav,0,0,1,0
1300-24032016_191.wav,1,0,0,0
1300-24032016_192.wav,1,0,0,0
1300-24032016_193.wav,1,1,1,0
1300-24032016_194.wav,1,0,1,0
1300-24032016_195.wav,1,1,0,0
1300-24032016_196.wav,1,1,1,0
1300-24032016_197.wav,0,0,1,0
1300-24032016_198.wav,1,1,1,0
1300-24032016_199.wav,1,0,0,0
1300-24072016_326.wav,1,1,0,0
1300-25062016_310.wav,1,1,0,0
1310-07062016_187.wav,1,1,0,0
1310-07062016_199.wav,0,0,0,1
1310-11032016_283.wav,0,0,0,1
1310-16032016_148.wav,0,0,1,0
1310-17072016_296.wav,1,0,0,0
1310-18062016_117.wav,1,0,0,0
1310-19052016_88.wav,1,1,1,0
1310-21032016_230.wav,1,1,1,0
1310-24052016_19.wav,1,1,1,0
1310-24052016_190.wav,0,1,1,0
1310-24052016_191.wav,0,0,0,1
1310-24052016_192.wav,1,0,1,0
1310-24052016_193.wav,1,1,1,0
1310-24052016_194.wav,0,1,1,0
1310-24052016_195.wav,1,1,1,0
1310-24052016_196.wav,0,1,1,0
1310-24052016_197.wav,0,1,0,0
1310-24052016_198.wav,1,1,1,0
1310-24052016_199.wav,0,0,0,1
1310-25042016_277.wav,0,1,1,0
1320-09042016_12.wav,1,0,1,0
1320-09042016_120.wav,1,1,1,0
1320-09042016_125.wav,0,0,0,1
1320-09042016_126.wav,0,0,0,1
1320-09042016_127.wav,0,1,0,0
1320-09042016_128.wav,0,1,0,0
1320-09042016_129.wav,0,1,1,0
1320-12062016_66.wav,0,0,1,0
1320-19052016_287.wav,0,1,0,0
1320-21032016_44.wav,1,0,1,0
1320-21072016_115.wav,1,1,1,0
1320-28032016_24.wav,0,0,1,0
1320-28032016_240.wav,1,0,1,0
1320-28032016_241.wav,1,0,1,0
1320-28032016_242.wav,1,1,1,0
1320-28032016_244.wav,0,0,1,0
1320-28032016_245.wav,0,1,1,0
1320-28032016_247.wav,0,1,1,0
1320-28032016_28.wav,0,1,1,0
1320-28032016_281.wav,1,1,1,0
1320-28032016_282.wav,0,0,1,0
1320-28032016_284.wav,1,1,1,0
1320-28032016_285.wav,1,1,0,0
1330-11042016_282.wav,0,1,1,0
1330-12072016_19.wav,1,0,1,0
1330-12072016_190.wav,0,0,1,0
1330-12072016_192.wav,1,0,1,0
1330-12072016_193.wav,0,0,1,0
1330-12072016_194.wav,0,0,1,0
1330-12072016_197.wav,0,0,1,0
1330-12072016_198.wav,0,0,1,0
1330-12072016_199.wav,0,0,0,1
1330-16072016_220.wav,1,0,1,0
1330-18042016_216.wav,0,1,1,0
1330-20062016_41.wav,1,1,0,0
1330-24032016_285.wav,1,0,1,0
1330-26062016_116.wav,1,1,0,0
1330-27032016_206.wav,1,1,1,0
1330-27032016_47.wav,1,1,1,0
1340-02072016_86.wav,1,1,1,0
1340-06042016_171.wav,1,1,0,0
1340-13072016_10.wav,1,1,0,0
1340-13072016_102.wav,0,0,1,0
1340-13072016_103.wav,0,0,1,0
1340-13072016_104.wav,1,1,1,0
1340-13072016_105.wav,1,1,1,0
1340-13072016_107.wav,0,1,1,0
1340-13072016_108.wav,0,1,1,0
1340-13072016_109.wav,0,1,1,0
1340-22032016_3.wav,1,1,0,0
1340-22032016_30.wav,1,0,1,0
1340-22032016_301.wav,1,0,0,0
1340-22032016_303.wav,0,0,1,0
1340-22032016_304.wav,0,1,1,0
1340-22032016_305.wav,1,0,0,0
1340-22032016_306.wav,1,1,1,0
1340-22032016_307.wav,1,1,1,0
1340-22032016_309.wav,0,1,1,0
1340-22032016_311.wav,1,1,1,0
1340-22032016_313.wav,1,0,1,0
1340-22032016_314.wav,0,0,1,0
1340-22032016_316.wav,1,0,1,0
1340-22032016_317.wav,1,0,1,0
1340-22032016_318.wav,1,0,0,0
1340-22032016_32.wav,1,0,0,0
1340-22032016_321.wav,0,1,1,0
1340-22032016_322.wav,0,0,0,1
1340-22032016_324.wav,1,1,0,0
1340-22032016_325.wav,1,1,0,0
1340-22032016_326.wav,1,1,0,0
1340-22032016_329.wav,1,1,1,0
1340-22032016_331.wav,1,1,1,0
1340-22032016_34.wav,1,0,1,0
1340-22032016_36.wav,1,1,1,0
1340-22032016_38.wav,0,1,1,0
1340-22032016_39.wav,1,1,1,0
1340-27042016_274.wav,0,1,1,0
1340-27062016_61.wav,0,1,0,0
1350-06052016_199.wav,0,0,0,1
1350-21062016_220.wav,1,1,0,0
1350-26042016_293.wav,1,1,1,0
1400-07062016_39.wav,1,1,0,0
1400-08042016_148.wav,0,1,0,0
1400-08052016_143.wav,1,1,0,0
1400-09052016_225.wav,1,1,0,0
1400-11042016_118.wav,1,1,0,0
1400-11052016_261.wav,1,1,0,0
1400-13052016_141.wav,1,1,0,0
1400-18032016_287.wav,0,1,0,0
1400-18062016_12.wav,0,1,1,0
1400-18062016_120.wav,1,1,0,0
1400-18062016_122.wav,0,1,1,0
1400-18062016_124.wav,0,1,1,0
1400-18062016_125.wav,0,0,1,0
1400-18062016_127.wav,0,1,1,0
1400-18062016_128.wav,0,1,1,0
1400-18062016_129.wav,1,1,0,0
1400-24062016_40.wav,1,1,0,0
1400-25042016_312.wav,0,1,1,0
1400-26052016_30.wav,1,1,0,0
1400-26052016_301.wav,0,0,0,1
1400-26052016_303.wav,0,1,0,0
1400-26052016_304.wav,0,1,0,0
1400-26052016_305.wav,0,0,0,1
1400-26052016_306.wav,0,1,0,0
1400-26052016_307.wav,0,1,0,0
1400-26052016_308.wav,0,1,1,0
1400-26072016_88.wav,1,0,0,0
1400-29042016_19.wav,1,1,0,0
1400-29042016_190.wav,0,0,0,1
1400-29042016_191.wav,0,0,1,0
1400-29042016_192.wav,0,0,1,0
1400-29042016_193.wav,0,1,1,0
1400-29042016_194.wav,0,0,1,0
1400-29042016_195.wav,0,1,1,0
1400-29042016_196.wav,0,0,1,0
1400-29042016_197.wav,0,0,1,0
1400-29042016_198.wav,0,1,1,0
1400-29042016_199.wav,0,0,0,1
1410-04042016_225.wav,0,1,0,0
1410-07072016_223.wav,1,1,0,0
1410-08052016_86.wav,1,1,0,0
1410-10062016_3.wav,1,1,0,0
1410-10062016_30.wav,1,0,1,0
1410-10062016_301.wav,0,0,1,0
1410-10062016_303.wav,0,1,0,0
1410-10062016_304.wav,0,1,1,0
1410-10062016_305.wav,0,1,1,0
1410-10062016_307.wav,1,1,1,0
1410-10062016_308.wav,1,1,1,0
1410-10062016_309.wav,1,1,1,0
1410-10062016_31.wav,1,1,0,0
1410-10062016_310.wav,1,1,0,0
1410-10062016_311.wav,1,1,0,0
1410-10062016_312.wav,0,1,0,0
1410-10062016_313.wav,0,1,0,0
1410-10062016_314.wav,0,0,1,0
1410-10062016_316.wav,0,1,0,0
1410-10062016_317.wav,0,1,1,0
1410-10062016_318.wav,0,0,0,1
1410-10062016_319.wav,0,0,0,1
1410-10062016_320.wav,1,1,0,0
1410-10062016_321.wav,1,1,0,0
1410-10062016_322.wav,0,0,0,1
1410-10062016_323.wav,0,0,0,1
1410-10062016_324.wav,1,1,0,0
1410-10062016_325.wav,0,1,0,0
1410-10062016_326.wav,1,1,0,0
1410-10062016_327.wav,1,1,1,0
1410-10062016_328.wav,1,1,0,0
1410-10062016_329.wav,1,1,1,0
1410-10062016_33.wav,0,1,1,0
1410-10062016_330.wav,0,1,1,0
1410-10062016_331.wav,1,1,1,0
1410-10062016_37.wav,0,0,0,1
1410-10062016_38.wav,0,1,0,0
1410-10062016_39.wav,1,1,0,0
1410-12062016_115.wav,1,1,0,0
1410-17042016_217.wav,1,1,1,0
1410-20042016_303.wav,0,1,0,0
1410-20062016_287.wav,1,1,0,0
1410-22032016_39.wav,1,1,1,0
1410-25032016_224.wav,0,1,1,0
1420-02072016_116.wav,1,0,1,0
1420-03042016_209.wav,1,1,0,0
1420-09072016_209.wav,1,0,0,0
1420-13032016_292.wav,1,0,0,0
1420-16072016_17.wav,1,1,0,0
1420-16072016_170.wav,0,1,0,0
1420-16072016_171.wav,1,0,0,0
1420-16072016_172.wav,1,1,1,0
1420-16072016_173.wav,1,0,1,0
1420-16072016_174.wav,1,1,1,0
1420-16072016_176.wav,0,1,1,0
1420-16072016_177.wav,1,1,1,0
1420-16072016_178.wav,1,0,1,0
1420-16072016_179.wav,0,1,1,0
1420-30062016_113.wav,1,1,0,0
1430-02052016_10.wav,1,0,1,0
1430-02052016_101.wav,0,1,1,0
1430-02052016_102.wav,1,0,1,0
1430-02052016_103.wav,0,0,1,0
1430-02052016_104.wav,1,0,1,0
1430-02052016_105.wav,1,1,1,0
1430-02052016_108.wav,0,1,1,0
1430-02052016_109.wav,0,1,0,0
1430-02062016_142.wav,0,0,0,1
1430-02072016_148.wav,0,1,1,0
1430-11062016_216.wav,1,1,0,0
1430-12032016_30.wav,1,0,1,0
1430-12032016_301.wav,0,0,0,1
1430-12032016_303.wav,1,0,0,0
1430-12032016_304.wav,0,0,0,1
1430-12032016_305.wav,0,0,0,1
1430-12032016_306.wav,1,0,1,0
1430-12032016_307.wav,1,0,1,0
1430-12032016_309.wav,1,1,0,0
1430-13042016_6.wav,1,1,0,0
1430-13042016_60.wav,0,1,1,0
1430-13042016_61.wav,0,1,0,0
1430-13042016_65.wav,0,1,0,0
1430-13042016_66.wav,1,0,1,0
1430-13042016_67.wav,1,1,0,0
1430-14032016_13.wav,1,0,0,0
1430-14032016_139.wav,1,0,1,0
1430-17032016_143.wav,0,1,0,0
1430-26032016_290.wav,0,1,0,0
1430-27042016_147.wav,1,1,1,0
1440-05062016_325.wav,0,1,0,0
1440-09042016_72.wav,1,1,0,0
1440-12042016_32.wav,1,0,1,0
1440-12042016_322.wav,0,0,0,1
1440-12042016_324.wav,1,0,0,0
1440-12042016_325.wav,1,1,0,0
1440-12042016_326.wav,1,1,1,0
1440-12042016_328.wav,1,1,0,0
1440-12042016_329.wav,0,1,1,0
1440-17042016_28.wav,1,1,0,0
1440-17042016_280.wav,0,1,1,0
1440-17042016_284.wav,1,0,1,0
1440-17042016_289.wav,0,1,0,0
1440-23072016_216.wav,0,0,1,0
1440-23072016_315.wav,0,1,1,0
1440-24032016_22.wav,1,1,0,0
1440-24032016_221.wav,0,1,1,0
1440-24032016_223.wav,1,1,0,0
1440-24032016_224.wav,0,1,1,0
1440-24032016_225.wav,0,0,1,0
1440-24032016_226.wav,0,1,0,0
1440-24032016_227.wav,0,1,1,0
1440-24032016_229.wav,1,1,1,0
1440-26062016_208.wav,0,1,0,0
1440-28032016_49.wav,0,0,1,0
1440-29032016_72.wav,1,1,1,0
1450-05052016_76.wav,0,1,1,0
1450-09072016_142.wav,0,1,0,0
1450-14042016_290.wav,1,1,0,0
1450-15042016_57.wav,0,0,1,0
1450-18042016_316.wav,1,1,0,0
1450-18052016_312.wav,1,1,0,0
1450-24032016_41.wav,1,1,0,0
1500-07062016_72.wav,0,1,0,0
1500-08042016_232.wav,1,1,0,0
1500-08072016_274.wav,0,1,0,0
1500-12072016_39.wav,0,1,1,0
1500-15062016_225.wav,0,1,1,0
1500-16072016_20.wav,1,1,0,0
1500-16072016_200.wav,1,1,1,0
1500-16072016_201.wav,1,1,1,0
1500-16072016_202.wav,0,1,1,0
1500-16072016_203.wav,0,1,1,0
1500-16072016_204.wav,0,0,1,0
1500-16072016_205.wav,0,0,1,0
1500-16072016_206.wav,1,0,0,0
1500-16072016_207.wav,1,1,0,0
1500-16072016_208.wav,1,1,0,0
1500-16072016_209.wav,1,0,0,0
1500-25032016_277.wav,0,0,1,0
1500-25042016_214.wav,0,1,0,0
1500-25062016_3.wav,1,1,0,0
1500-28042016_326.wav,1,1,1,0
1500-28042016_46.wav,0,1,0,0
1500-28052016_118.wav,1,1,0,0
1510-01032016_217.wav,0,0,0,1
1510-02042016_15.wav,1,1,0,0
1510-02042016_154.wav,0,1,1,0
1510-02042016_157.wav,0,1,1,0
1510-02042016_158.wav,0,1,1,0
1510-09062016_293.wav,0,1,0,0
1510-15072016_135.wav,1,1,1,0
1510-18032016_46.wav,0,0,1,0
1510-24052016_130.wav,0,1,0,0
1520-03042016_13.wav,0,1,0,0
1520-03042016_139.wav,0,0,0,1
1520-04042016_313.wav,1,1,1,0
1520-08042016_10.wav,1,1,0,0
1520-08042016_104.wav,1,0,0,0
1520-08042016_105.wav,1,1,0,0
1520-08042016_107.wav,0,1,1,0
1520-08042016_108.wav,0,1,1,0
1520-08042016_109.wav,0,1,1,0
1520-17032016_43.wav,1,1,0,0
1530-02062016_127.wav,0,1,0,0
1530-05062016_288.wav,0,1,1,0
1530-06052016_217.wav,0,1,0,0
1530-08072016_113.wav,1,1,0,0
1530-09052016_214.wav,0,1,0,0
1530-17062016_15.wav,1,1,1,0
1530-17062016_152.wav,1,0,1,0
1530-17062016_153.wav,1,0,1,0
1530-17062016_154.wav,0,0,0,1
1530-17062016_155.wav,0,1,1,0
1530-17062016_157.wav,0,0,1,0
1530-17062016_158.wav,0,0,1,0
1530-17062016_159.wav,0,1,1,0
1530-25062016_24.wav,0,0,1,0
1530-25062016_240.wav,0,1,0,0
1530-25062016_241.wav,0,1,1,0
1530-25062016_242.wav,0,1,1,0
1530-25062016_244.wav,0,1,1,0
1530-25062016_245.wav,1,1,1,0
1530-25062016_247.wav,0,1,1,0
1530-26032016_199.wav,0,0,0,1
1530-28042016_280.wav,1,0,0,0
1530-30042016_288.wav,0,1,0,0
1540-02032016_120.wav,1,1,0,0
1540-04072016_236.wav,1,1,0,0
1540-10062016_223.wav,1,1,0,0
1540-12042016_66.wav,1,0,0,0
1540-14042016_231.wav,0,1,0,0
1540-18032016_289.wav,1,0,1,0
1540-19072016_286.wav,0,1,0,0
1540-21072016_257.wav,1,1,0,0
1540-22052016_127.wav,0,1,0,0
1540-29042016_299.wav,1,1,0,0
1550-03052016_316.wav,1,1,0,0
1550-26062016_13.wav,0,1,0,0
1550-26062016_130.wav,0,1,0,0
1550-26062016_131.wav,1,0,0,0
1550-26062016_134.wav,0,1,1,0
1550-26062016_135.wav,1,1,0,0
1550-26062016_139.wav,0,0,0,1
1550-30032016_209.wav,1,1,1,0
1600-07062016_19.wav,0,1,1,0
1600-07062016_190.wav,0,1,0,0
1600-07062016_191.wav,0,0,0,1
1600-07062016_192.wav,1,0,0,0
1600-07062016_193.wav,1,1,0,0
1600-07062016_194.wav,0,1,1,0
1600-07062016_195.wav,1,1,1,0
1600-07062016_196.wav,1,1,1,0
1600-07062016_197.wav,0,0,1,0
1600-07062016_198.wav,1,1,1,0
1600-07062016_199.wav,0,0,0,1
1600-12032016_208.wav,1,1,0,0
1600-16042016_107.wav,1,1,1,0
1600-18062016_6.wav,1,1,1,0
1600-18062016_61.wav,0,1,1,0
1600-18062016_64.wav,1,0,1,0
1600-18062016_65.wav,0,1,0,0
1600-18062016_66.wav,0,1,1,0
1600-18062016_67.wav,0,0,1,0
1600-18062016_68.wav,0,1,1,0
1600-18062016_69.wav,0,1,1,0
1600-24062016_315.wav,0,0,1,0
1600-27052016_239.wav,0,1,0,0
1600-29032016_38.wav,1,1,0,0
1610-01032016_217.wav,0,0,0,1
1610-04052016_285.wav,1,1,0,0
1610-10062016_317.wav,1,1,1,0
1610-11052016_292.wav,1,1,1,0
1610-12042016_113.wav,1,1,0,0
1610-13042016_49.wav,0,1,1,0
1610-14052016_210.wav,1,1,1,0
1610-21042016_149.wav,0,1,1,0
1610-22032016_171.wav,1,1,0,0
1610-23032016_29.wav,1,0,0,0
1610-23032016_290.wav,1,1,0,0
1610-23032016_291.wav,0,0,1,0
1610-23032016_292.wav,0,0,0,1
1610-23032016_294.wav,1,1,1,0
1610-23032016_295.wav,1,1,1,0
1610-23032016_297.wav,0,0,0,1
1610-23032016_298.wav,1,1,1,0
1610-26042016_115.wav,1,0,0,0
1610-29042016_283.wav,1,1,0,0
1620-02042016_206.wav,1,1,0,0
1620-03042016_36.wav,0,1,0,0
1620-05052016_135.wav,1,1,0,0
1620-06032016_142.wav,1,0,0,0
1620-07052016_296.wav,0,0,0,1
1620-12052016_45.wav,0,0,1,0
1620-17042016_61.wav,1,0,1,0
1620-18032016_148.wav,0,1,0,0
1620-18072016_32.wav,1,1,0,0
1620-18072016_320.wav,1,1,1,0
1620-18072016_321.wav,0,1,1,0
1620-18072016_322.wav,0,0,0,1
1620-18072016_323.wav,0,0,0,1
1620-18072016_324.wav,0,1,0,0
1620-18072016_325.wav,0,1,1,0
1620-18072016_326.wav,0,1,0,0
1620-18072016_328.wav,1,1,1,0
1620-18072016_329.wav,1,1,1,0
1620-20042016_76.wav,0,1,0,0
1620-20072016_42.wav,0,1,0,0
1620-21052016_218.wav,1,1,1,0
1620-22032016_261.wav,1,1,0,0
1620-25072016_35.wav,0,1,0,0
1620-27062016_330.wav,0,1,0,0
1630-06032016_313.wav,0,0,0,1
1630-07042016_7.wav,0,1,0,0
1630-07042016_70.wav,1,1,1,0
1630-07042016_71.wav,1,1,1,0
1630-07042016_72.wav,1,1,0,0
1630-07042016_74.wav,0,1,1,0
1630-07042016_75.wav,1,1,1,0
1630-11042016_199.wav,0,0,0,1
1630-12052016_113.wav,1,1,1,0
1630-13072016_239.wav,1,1,0,0
1630-19062016_212.wav,0,1,0,0
1630-21052016_128.wav,0,1,0,0
1630-25052016_283.wav,0,1,0,0
1630-28052016_67.wav,1,1,0,0
1630-29062016_18.wav,1,1,0,0
1630-29062016_181.wav,1,0,0,0
1630-29062016_182.wav,0,0,1,0
1630-29062016_183.wav,0,0,1,0
1630-29062016_184.wav,0,0,1,0
1630-29062016_185.wav,0,1,1,0
1630-29062016_186.wav,0,0,1,0
1630-29062016_187.wav,1,1,0,0
1630-29062016_188.wav,0,0,1,0
1630-30062016_28.wav,1,1,0,0
1630-30062016_281.wav,1,1,0,0
1630-30062016_282.wav,1,1,0,0
1630-30062016_283.wav,0,1,0,0
1630-30062016_284.wav,1,1,1,0
1630-30062016_285.wav,0,1,0,0
1630-30062016_286.wav,1,1,0,0
1630-30062016_287.wav,0,1,0,0
1630-30062016_289.wav,1,1,0,0
1640-03032016_240.wav,0,1,1,0
1640-06052016_317.wav,1,1,1,0
1640-06072016_47.wav,1,1,0,0
1640-10032016_237.wav,0,0,0,1
1640-16042016_254.wav,0,1,0,0
1640-16042016_39.wav,1,1,1,0
1640-18032016_39.wav,1,1,0,0
1640-20062016_143.wav,1,1,1,0
1640-21032016_61.wav,1,1,0,0
1640-22042016_48.wav,1,1,1,0
1640-22072016_283.wav,0,1,0,0
1640-26032016_224.wav,1,1,0,0
1640-26062016_63.wav,0,1,0,0
1640-26072016_38.wav,1,1,0,0
1640-27032016_274.wav,0,1,0,0
1640-28032016_22.wav,1,0,1,0
1640-28032016_221.wav,0,1,1,0
1640-28032016_223.wav,1,1,0,0
1640-28032016_224.wav,1,1,1,0
1640-28032016_225.wav,1,1,0,0
1640-28032016_226.wav,0,1,1,0
1640-28032016_227.wav,0,1,1,0
1640-28032016_229.wav,0,1,0,0
1640-28062016_149.wav,0,1,0,0
1650-07042016_127.wav,0,1,1,0
1650-09072016_130.wav,0,1,0,0
1650-15032016_311.wav,1,1,0,0
1650-22042016_223.wav,1,1,0,0
1700-05052016_31.wav,0,1,0,0
1700-05052016_310.wav,0,1,1,0
1700-05052016_311.wav,1,1,0,0
1700-05052016_312.wav,0,1,1,0
1700-05052016_313.wav,0,1,0,0
1700-05052016_315.wav,1,1,1,0
1700-05052016_316.wav,0,1,1,0
1700-05052016_317.wav,0,1,0,0
1700-05052016_318.wav,0,0,0,1
1700-05052016_319.wav,0,0,0,1
1700-10042016_86.wav,1,1,1,0
1700-14042016_234.wav,1,1,0,0
1700-15052016_147.wav,0,1,1,0
1700-15062016_280.wav,0,1,1,0
1700-18042016_128.wav,1,1,0,0
1700-18072016_13.wav,0,1,0,0
1700-18072016_130.wav,0,1,0,0
1700-18072016_131.wav,0,1,0,0
1700-18072016_134.wav,0,1,1,0
1700-18072016_139.wav,0,0,1,0
1700-23032016_317.wav,1,1,1,0
1700-29042016_142.wav,0,1,0,0
1710-04032016_199.wav,1,0,0,0
1710-04052016_240.wav,0,1,1,0
1710-05072016_303.wav,1,1,0,0
1710-10072016_233.wav,1,1,0,0
1710-12042016_113.wav,1,1,0,0
1710-16052016_311.wav,1,1,0,0
1710-17042016_239.wav,0,1,0,0
1710-18072016_48.wav,1,1,1,0
1710-20042016_325.wav,1,1,0,0
1710-22072016_140.wav,1,0,0,0
1710-23072016_214.wav,0,1,0,0
1710-24032016_86.wav,1,1,1,0
1710-24042016_142.wav,0,1,1,0
1710-24062016_118.wav,0,1,0,0
1710-26042016_217.wav,1,1,0,0
1710-27072016_6.wav,1,1,0,0
1710-27072016_60.wav,0,1,1,0
1710-27072016_61.wav,1,0,0,0
1710-27072016_63.wav,1,0,0,0
1710-27072016_65.wav,0,1,0,0
1710-27072016_66.wav,1,0,0,0
1710-27072016_67.wav,1,1,0,0
1710-27072016_68.wav,0,1,0,0
1710-27072016_69.wav,0,1,1,0
1720-01052016_12.wav,1,1,0,0
1720-01052016_120.wav,1,1,1,0
1720-01052016_122.wav,0,1,1,0
1720-01052016_125.wav,0,0,0,1
1720-01052016_126.wav,0,0,0,1
1720-01052016_127.wav,0,1,0,0
1720-01052016_128.wav,1,1,0,0
1720-01052016_129.wav,0,1,1,0
1720-06042016_233.wav,1,1,1,0
1720-08072016_311.wav,1,1,0,0
1720-10072016_210.wav,0,0,0,1
1720-13042016_211.wav,0,1,0,0
1720-14042016_187.wav,1,1,0,0
1720-14052016_289.wav,0,1,1,0
1720-16042016_224.wav,1,1,0,0
1720-17032016_72.wav,0,1,0,0
1720-20042016_296.wav,0,0,0,1
1720-25032016_290.wav,0,0,1,0
1720-26062016_233.wav,0,1,0,0
1720-27032016_6.wav,1,1,0,0
1720-27032016_60.wav,1,1,0,0
1720-27032016_61.wav,0,1,1,0
1720-27032016_65.wav,0,1,1,0
1720-27032016_66.wav,1,1,0,0
1720-27032016_67.wav,1,1,1,0
1720-28042016_299.wav,1,1,1,0
1800-05072016_234.wav,0,0,1,0
1800-07072016_127.wav,0,1,0,0
1800-11062016_283.wav,0,1,0,0
1800-14032016_210.wav,1,0,0,0
1800-15032016_113.wav,1,0,0,0
1800-15072016_57.wav,1,0,0,0
1800-16062016_206.wav,1,1,0,0
1800-18072016_46.wav,0,1,0,0
1800-19042016_129.wav,0,1,1,0
1800-22062016_32.wav,0,1,0,0
1800-22062016_320.wav,1,1,0,0
1800-22062016_321.wav,1,1,0,0
1800-22062016_322.wav,0,0,0,1
1800-22062016_323.wav,0,0,0,1
1800-22062016_324.wav,1,1,0,0
1800-22062016_325.wav,1,1,0,0
1800-22062016_327.wav,1,1,0,0
1800-22062016_328.wav,1,1,0,0
1800-22062016_329.wav,0,1,1,0
1800-22072016_310.wav,1,1,0,0
1800-23032016_28.wav,1,1,0,0
1800-23032016_281.wav,1,1,0,0
1800-23032016_282.wav,0,1,0,0
1800-23032016_283.wav,1,1,0,0
1800-23032016_284.wav,1,0,1,0
1800-23032016_285.wav,0,1,0,0
1800-23032016_287.wav,1,1,0,0
1800-23032016_289.wav,0,1,0,0
1800-23042016_135.wav,1,1,0,0
1800-29042016_19.wav,1,1,0,0
1800-29042016_190.wav,0,0,0,1
1800-29042016_191.wav,0,0,1,0
1800-29042016_192.wav,0,0,1,0
1800-29042016_193.wav,1,1,0,0
1800-29042016_194.wav,0,0,1,0
1800-29042016_195.wav,0,1,0,0
1800-29042016_196.wav,0,0,1,0
1800-29042016_197.wav,0,0,0,1
1800-29042016_198.wav,0,1,1,0
1800-29042016_199.wav,0,0,0,1
1810-02032016_225.wav,0,0,1,0
1810-03062016_235.wav,0,1,0,0
1810-07032016_212.wav,0,0,0,1
1810-09032016_282.wav,1,0,0,0
1810-10042016_277.wav,0,1,0,0
1810-11032016_215.wav,0,0,0,1
1810-12072016_81.wav,0,0,0,1
1810-18042016_199.wav,0,0,0,1
1810-18042016_29.wav,0,1,1,0
1810-18042016_292.wav,0,1,0,0
1810-18042016_295.wav,1,1,0,0
1810-18042016_298.wav,0,1,1,0
1810-18042016_299.wav,0,1,0,0
1810-19052016_46.wav,1,1,0,0
1810-22052016_107.wav,1,1,0,0
1810-27062016_42.wav,0,1,0,0
1810-28062016_296.wav,1,0,0,0
1810-28062016_49.wav,1,1,0,0
1810-29032016_127.wav,0,1,0,0
1810-30032016_120.wav,1,1,0,0
1820-02052016_30.wav,1,1,0,0
1820-02052016_301.wav,0,0,0,1
1820-02052016_303.wav,0,1,0,0
1820-02052016_304.wav,0,1,0,0
1820-02052016_305.wav,0,0,1,0
1820-02052016_306.wav,1,1,1,0
1820-02052016_307.wav,1,1,1,0
1820-02052016_308.wav,0,1,1,0
1820-02052016_309.wav,1,1,0,0
1820-04032016_223.wav,1,0,0,0
1820-05042016_285.wav,1,1,1,0
1820-07042016_218.wav,1,1,0,0
1820-07062016_147.wav,0,1,0,0
1820-08032016_220.wav,0,0,0,1
1820-09032016_30.wav,1,0,0,0
1820-09032016_301.wav,0,0,0,1
1820-09032016_303.wav,1,0,0,0
1820-09032016_304.wav,1,0,1,0
1820-09032016_305.wav,0,0,1,0
1820-09032016_306.wav,1,1,1,0
1820-09032016_307.wav,1,0,1,0
1820-09032016_309.wav,1,0,1,0
1820-20052016_39.wav,1,1,0,0
1820-21052016_288.wav,0,1,0,0
1820-23032016_231.wav,0,1,0,0
1820-28042016_68.wav,0,1,0,0
1820-31032016_49.wav,0,1,0,0
1830-01042016_28.wav,1,1,0,0
1830-01042016_281.wav,0,1,0,0
1830-01042016_282.wav,0,1,0,0
1830-01042016_284.wav,1,1,1,0
1830-01042016_285.wav,1,1,0,0
1830-04042016_13.wav,0,1,0,0
1830-04042016_130.wav,1,1,0,0
1830-04042016_131.wav,1,1,0,0
1830-04042016_139.wav,0,0,1,0
1830-04042016_72.wav,1,1,0,0
1830-07042016_49.wav,0,1,1,0
1830-08032016_214.wav,1,0,0,0
1830-13052016_274.wav,0,1,0,0
1830-14052016_296.wav,0,0,0,1
1830-15032016_287.wav,0,0,1,0
1830-16072016_149.wav,0,1,0,0
1830-19032016_209.wav,0,0,1,0
1830-21042016_206.wav,1,1,0,0
1830-21052016_118.wav,0,1,0,0
1830-23062016_43.wav,1,1,0,0
1830-25042016_282.wav,1,0,1,0
1830-27032016_38.wav,0,1,0,0
1830-30042016_31.wav,0,1,0,0
1830-30042016_310.wav,1,1,0,0
1830-30042016_311.wav,1,1,0,0
1830-30042016_312.wav,1,1,1,0
1830-30042016_313.wav,1,1,0,0
1830-30042016_315.wav,0,1,0,0
1830-30042016_316.wav,1,1,1,0
1830-30042016_317.wav,1,0,1,0
1830-30042016_318.wav,0,0,0,1
1830-30042016_319.wav,0,0,0,1
1840-03032016_326.wav,0,0,1,0
1840-03042016_127.wav,0,1,0,0
1840-08052016_22.wav,1,1,0,0
1840-08052016_220.wav,0,1,0,0
1840-08052016_221.wav,1,1,0,0
1840-08052016_222.wav,1,1,0,0
1840-08052016_223.wav,1,1,0,0
1840-08052016_224.wav,1,1,0,0
1840-08052016_225.wav,1,1,0,0
1840-08052016_226.wav,1,1,0,0
1840-08052016_227.wav,0,1,1,0
1840-08052016_228.wav,0,1,1,0
1840-08052016_229.wav,1,1,0,0
1840-09052016_148.wav,0,1,0,0
1840-10042016_212.wav,0,1,0,0
1840-10042016_23.wav,0,1,0,0
1840-10042016_231.wav,0,1,0,0
1840-10042016_232.wav,0,1,0,0
1840-10042016_233.wav,1,1,0,0
1840-10042016_234.wav,1,1,1,0
1840-10042016_235.wav,0,1,1,0
1840-10042016_239.wav,0,1,1,0
1840-10072016_3.wav,1,1,0,0
1840-10072016_301.wav,0,0,0,1
1840-10072016_303.wav,0,1,0,0
1840-10072016_304.wav,0,1,0,0
1840-10072016_305.wav,0,0,0,1
1840-10072016_306.wav,1,1,0,0
1840-10072016_307.wav,0,1,1,0
1840-10072016_308.wav,0,1,0,0
1840-10072016_309.wav,1,1,1,0
1840-10072016_31.wav,0,1,0,0
1840-10072016_310.wav,0,1,0,0
1840-10072016_311.wav,1,1,0,0
1840-10072016_312.wav,0,1,0,0
1840-10072016_313.wav,0,1,0,0
1840-10072016_314.wav,0,0,0,1
1840-10072016_315.wav,0,1,0,0
1840-10072016_316.wav,0,1,0,0
1840-10072016_317.wav,0,1,0,0
1840-10072016_318.wav,0,0,0,1
1840-10072016_319.wav,0,0,0,1
1840-10072016_32.wav,0,1,0,0
1840-10072016_320.wav,1,1,0,0
1840-10072016_321.wav,0,1,0,0
1840-10072016_322.wav,0,0,0,1
1840-10072016_323.wav,0,0,0,1
1840-10072016_324.wav,1,1,0,0
1840-10072016_325.wav,0,1,0,0
1840-10072016_326.wav,0,1,0,0
1840-10072016_327.wav,1,1,0,0
1840-10072016_328.wav,0,1,1,0
1840-10072016_329.wav,1,1,0,0
1840-10072016_330.wav,0,1,0,0
1840-10072016_331.wav,1,1,1,0
1840-10072016_35.wav,0,1,1,0
1840-10072016_36.wav,0,1,0,0
1840-10072016_37.wav,0,0,0,1
1840-10072016_38.wav,0,1,1,0
1840-10072016_39.wav,1,1,0,0
1840-13042016_21.wav,1,1,0,0
1840-13042016_210.wav,1,0,0,0
1840-13042016_211.wav,0,1,0,0
1840-13042016_212.wav,0,1,0,0
1840-13042016_214.wav,0,1,0,0
1840-13042016_216.wav,0,1,1,0
1840-13042016_217.wav,1,1,0,0
1840-13042016_218.wav,1,0,1,0
1840-14042016_317.wav,0,1,0,0
1840-14072016_230.wav,1,1,0,0
1840-15032016_12.wav,0,0,0,1
1840-15032016_120.wav,1,0,1,0
1840-15032016_124.wav,0,0,0,1
1840-15032016_125.wav,0,0,0,1
1840-15032016_126.wav,0,0,0,1
1840-15032016_127.wav,0,0,0,1
1840-15042016_280.wav,1,1,1,0
1840-15042016_36.wav,0,1,0,0
1840-16032016_265.wav,0,0,0,1
1840-16042016_140.wav,1,1,0,0
1840-16072016_330.wav,1,1,1,0
1840-18052016_326.wav,0,1,0,0
1840-18072016_326.wav,0,0,0,1
1840-20042016_41.wav,1,1,0,0
1840-21072016_209.wav,1,0,0,0
1840-22062016_290.wav,0,1,0,0
1840-23032016_23.wav,0,1,1,0
1840-23032016_230.wav,1,0,0,0
1840-23032016_231.wav,0,0,0,1
1840-23032016_232.wav,0,1,0,0
1840-23032016_233.wav,1,1,1,0
1840-23032016_234.wav,1,0,0,0
1840-23032016_235.wav,0,0,0,1
1840-23032016_236.wav,1,0,0,0
1840-23032016_239.wav,1,0,0,0
1840-23032016_41.wav,1,1,0,0
1840-23072016_325.wav,1,1,0,0
1840-24042016_57.wav,0,1,0,0
1840-24052016_128.wav,0,1,1,0
1840-25062016_24.wav,0,1,1,0
1840-25062016_240.wav,0,1,1,0
1840-25062016_241.wav,0,1,1,0
1840-25062016_242.wav,0,1,1,0
1840-25062016_244.wav,0,1,1,0
1840-25062016_245.wav,1,0,1,0
1840-25062016_247.wav,1,1,1,0
1840-26072016_28.wav,0,0,1,0
1840-26072016_281.wav,1,1,1,0
1840-26072016_282.wav,0,0,1,0
1840-26072016_283.wav,0,0,1,0
1840-26072016_284.wav,1,1,0,0
1840-26072016_285.wav,1,0,1,0
1840-26072016_286.wav,0,0,1,0
1840-26072016_287.wav,0,0,1,0
1840-26072016_289.wav,1,1,0,0
1840-27032016_36.wav,0,1,0,0
2000-01052016_88.wav,0,1,1,0
2000-04042016_3.wav,1,0,1,0
2000-04042016_30.wav,1,0,1,0
2000-04042016_301.wav,0,0,0,1
2000-04042016_303.wav,1,0,0,0
2000-04042016_304.wav,1,0,0,0
2000-04042016_305.wav,0,0,0,1
2000-04042016_306.wav,1,0,1,0
2000-04042016_307.wav,1,0,0,0
2000-04042016_309.wav,0,0,1,0
2000-04042016_311.wav,1,0,0,0
2000-04042016_313.wav,1,0,0,0
2000-04042016_314.wav,0,0,1,0
2000-04042016_316.wav,1,0,1,0
2000-04042016_317.wav,1,0,1,0
2000-04042016_318.wav,1,0,1,0
2000-04042016_32.wav,0,0,0,1
2000-04042016_321.wav,0,1,0,0
2000-04042016_322.wav,0,0,0,1
2000-04042016_324.wav,1,0,0,0
2000-04042016_325.wav,0,0,1,0
2000-04042016_326.wav,0,0,1,0
2000-04042016_329.wav,1,0,0,0
2000-04042016_331.wav,1,0,0,0
2000-04042016_34.wav,0,0,1,0
2000-04042016_36.wav,0,0,1,0
2000-04042016_38.wav,1,0,0,0
2000-04042016_39.wav,1,0,1,0
2000-04042016_66.wav,1,0,0,0
2000-11042016_149.wav,1,0,0,0
2000-11072016_274.wav,0,1,0,0
2000-15052016_282.wav,0,0,1,0
2000-16072016_35.wav,1,1,0,0
2000-18062016_41.wav,1,1,0,0
2000-19052016_127.wav,0,1,1,0
2000-20052016_47.wav,1,1,0,0
2000-20072016_23.wav,0,1,0,0
2000-20072016_230.wav,0,1,0,0
2000-20072016_231.wav,0,0,0,1
2000-20072016_232.wav,0,1,0,0
2000-20072016_233.wav,1,1,0,0
2000-20072016_234.wav,0,1,0,0
2000-20072016_235.wav,1,1,0,0
2000-20072016_236.wav,1,0,0,0
2000-20072016_239.wav,1,0,0,0
2000-22052016_42.wav,0,1,0,0
2000-22072016_210.wav,1,1,0,0
2000-24032016_15.wav,1,0,0,0
2000-24032016_152.wav,1,1,0,0
2000-24032016_154.wav,1,0,0,0
2000-24032016_157.wav,1,0,0,0
2000-24032016_158.wav,1,0,0,0
2000-24032016_159.wav,0,0,0,1
2000-24042016_240.wav,1,0,0,0
2000-24042016_287.wav,1,0,1,0
2000-27062016_171.wav,1,1,0,0
2000-30052016_280.wav,1,1,0,0
2000-30062016_229.wav,1,1,0,0
2010-02062016_232.wav,1,1,0,0
2010-02062016_8.wav,0,1,0,0
2010-02062016_82.wav,1,1,0,0
2010-02062016_83.wav,1,1,0,0
2010-02062016_84.wav,1,1,0,0
2010-02062016_85.wav,0,1,0,0
2010-02062016_86.wav,1,1,0,0
2010-02062016_87.wav,1,1,0,0
2010-02062016_88.wav,1,1,0,0
2010-02072016_115.wav,1,1,0,0
2010-03052016_225.wav,0,0,1,0
2010-04062016_38.wav,0,1,1,0
2010-04072016_283.wav,0,1,1,0
2010-07042016_231.wav,1,0,1,0
2010-07062016_293.wav,0,1,0,0
2010-07072016_281.wav,1,1,0,0
2010-08042016_292.wav,0,0,0,1
2010-08062016_49.wav,1,0,1,0
2010-08062016_88.wav,1,1,1,0
2010-09042016_254.wav,1,0,1,0
2010-11042016_210.wav,1,0,0,0
2010-11042016_313.wav,0,0,0,1
2010-16052016_278.wav,0,1,1,0
2010-16072016_293.wav,0,1,0,0
2010-19052016_216.wav,0,0,1,0
2010-24062016_18.wav,1,1,0,0
2010-24062016_181.wav,1,0,0,0
2010-24062016_182.wav,1,1,0,0
2010-24062016_183.wav,0,0,1,0
2010-24062016_184.wav,1,1,1,0
2010-24062016_185.wav,1,1,0,0
2010-24062016_186.wav,1,0,0,0
2010-24062016_187.wav,1,1,1,0
2010-24062016_188.wav,0,1,0,0
2010-26062016_285.wav,1,1,0,0
2010-29052016_325.wav,0,1,0,0
2010-30042016_288.wav,1,0,1,0
2010-30052016_6.wav,1,1,0,0
2010-30052016_64.wav,1,1,1,0
2010-30052016_65.wav,1,1,0,0
2010-30052016_66.wav,1,1,0,0
2010-30052016_67.wav,0,1,0,0
2010-30052016_68.wav,0,0,0,1
2010-30052016_69.wav,0,1,0,0
2020-06052016_223.wav,1,0,0,0
2020-07062016_254.wav,1,1,0,0
2020-08072016_22.wav,1,1,0,0
2020-08072016_221.wav,0,1,1,0
2020-08072016_223.wav,1,1,1,0
2020-08072016_224.wav,0,0,1,0
2020-08072016_225.wav,1,0,1,0
2020-08072016_226.wav,1,1,0,0
2020-08072016_227.wav,1,1,1,0
2020-08072016_228.wav,0,1,1,0
2020-08072016_229.wav,0,0,1,0
2020-10032016_292.wav,0,0,1,0
2020-10042016_115.wav,1,0,0,0
2020-10072016_149.wav,0,1,0,0
2020-12052016_261.wav,1,0,0,0
2020-13042016_86.wav,0,0,1,0
2020-13052016_220.wav,0,0,0,1
2020-13072016_68.wav,0,0,1,0
2020-15042016_38.wav,1,0,1,0
2020-15052016_54.wav,1,1,1,0
2020-16052016_292.wav,0,0,1,0
2020-16062016_220.wav,1,1,0,0
2020-16072016_171.wav,1,1,0,0
2020-17042016_107.wav,0,0,0,1
2020-18042016_315.wav,1,0,0,0
2020-18062016_113.wav,1,1,0,0
2020-18062016_330.wav,0,1,1,0
2020-20042016_32.wav,0,0,1,0
2020-20042016_320.wav,1,0,0,0
2020-20042016_321.wav,1,0,1,0
2020-20042016_322.wav,0,0,0,1
2020-20042016_323.wav,0,0,0,1
2020-20042016_324.wav,0,0,0,1
2020-20042016_325.wav,0,0,1,0
2020-20042016_326.wav,0,0,0,1
2020-20042016_327.wav,1,0,1,0
2020-20042016_328.wav,1,0,0,0
2020-20042016_329.wav,1,1,0,0
2020-20072016_257.wav,1,1,0,0
2020-21052016_210.wav,0,1,0,0
2020-21062016_120.wav,1,1,0,0
2020-21072016_147.wav,1,1,0,0
2020-25032016_289.wav,0,0,1,0
2020-25042016_225.wav,1,0,0,0
2020-25062016_20.wav,1,0,0,0
2020-25062016_200.wav,1,1,1,0
2020-25062016_201.wav,1,1,0,0
2020-25062016_202.wav,0,1,1,0
2020-25062016_203.wav,0,1,1,0
2020-25062016_204.wav,0,0,1,0
2020-25062016_205.wav,0,0,0,1
2020-25062016_206.wav,0,1,1,0
2020-25062016_207.wav,1,0,0,0
2020-25062016_208.wav,0,0,1,0
2020-25062016_209.wav,0,0,1,0
2020-28062016_45.wav,1,1,0,0
2020-29062016_230.wav,0,1,0,0
2020-30072016_32.wav,0,1,0,0
2030-01072016_303.wav,0,1,0,0
2030-03072016_86.wav,0,1,0,0
2030-04072016_229.wav,1,1,1,0
2030-06072016_54.wav,1,0,0,0
2030-07062016_149.wav,1,1,0,0
2030-07072016_277.wav,1,0,1,0
2030-12072016_140.wav,1,1,0,0
2030-12072016_43.wav,0,0,1,0
2030-14062016_129.wav,0,1,0,0
2030-14062016_44.wav,1,0,0,0
2030-17062016_324.wav,0,1,0,0
2030-18042016_229.wav,1,0,1,0
2030-18052016_142.wav,0,0,0,1
2030-19042016_310.wav,1,0,0,0
2030-20042016_76.wav,1,0,1,0
2030-22042016_46.wav,0,0,1,0
2030-26062016_58.wav,1,1,0,0
2030-27042016_293.wav,1,0,1,0
2030-28042016_7.wav,0,1,0,0
2030-28042016_70.wav,1,0,0,0
2030-28042016_71.wav,0,0,0,1
2030-28042016_72.wav,1,0,0,0
2030-28042016_73.wav,1,0,0,0
2030-28042016_74.wav,1,0,1,0
2030-28042016_75.wav,1,0,0,0
2030-28042016_76.wav,1,0,1,0
2030-28042016_78.wav,1,0,0,0
2030-29052016_229.wav,1,1,0,0
2030-29052016_31.wav,1,0,1,0
2030-29052016_310.wav,0,0,0,1
2030-29052016_311.wav,0,1,0,0
2030-29052016_312.wav,0,1,0,0
2030-29052016_313.wav,1,1,0,0
2030-29052016_314.wav,0,0,1,0
2030-29052016_315.wav,1,1,0,0
2030-29052016_316.wav,1,0,0,0
2030-29052016_317.wav,0,1,0,0
2030-29052016_318.wav,1,0,0,0
2030-29052016_319.wav,0,0,0,1
2030-29062016_313.wav,0,1,0,0
2040-03052016_143.wav,1,0,0,0
2040-03072016_278.wav,0,0,1,0
2040-03072016_63.wav,0,1,0,0
2040-04032016_236.wav,0,0,0,1
2040-05062016_234.wav,1,1,0,0
2040-06072016_67.wav,1,1,0,0
2040-11062016_211.wav,1,0,0,0
2040-13072016_31.wav,0,0,1,0
2040-13072016_310.wav,1,0,0,0
2040-13072016_311.wav,1,0,0,0
2040-13072016_312.wav,1,0,0,0
2040-13072016_313.wav,0,1,1,0
2040-13072016_314.wav,0,0,1,0
2040-13072016_315.wav,1,0,0,0
2040-13072016_316.wav,0,0,1,0
2040-13072016_317.wav,0,0,0,1
2040-13072016_318.wav,0,0,0,1
2040-13072016_319.wav,0,0,0,1
2040-16052016_265.wav,0,0,1,0
2040-17052016_211.wav,0,0,0,1
2040-23062016_274.wav,0,1,0,0
2040-23062016_32.wav,1,1,0,0
2040-23062016_320.wav,1,1,0,0
2040-23062016_321.wav,0,1,1,0
2040-23062016_322.wav,0,0,0,1
2040-23062016_323.wav,0,0,0,1
2040-23062016_324.wav,0,1,1,0
2040-23062016_325.wav,0,1,1,0
2040-23062016_326.wav,0,1,1,0
2040-23062016_327.wav,0,1,1,0
2040-23062016_328.wav,1,1,0,0
2040-23062016_329.wav,1,1,0,0
2040-24032016_66.wav,1,0,0,0
2040-26052016_25.wav,1,1,0,0
2040-26052016_250.wav,1,0,0,0
2040-26052016_251.wav,0,1,0,0
2040-26052016_252.wav,1,1,0,0
2040-26052016_253.wav,1,0,1,0
2040-26052016_254.wav,1,1,0,0
2040-26052016_256.wav,1,0,0,0
2040-26052016_258.wav,0,0,1,0
2040-26052016_259.wav,1,0,0,0
2040-26072016_285.wav,1,0,1,0
2040-27062016_42.wav,1,1,0,0
2040-28062016_17.wav,0,1,0,0
2040-28062016_170.wav,1,1,0,0
2040-28062016_171.wav,0,1,1,0
2040-28062016_172.wav,1,0,0,0
2040-28062016_173.wav,0,0,0,1
2040-28062016_174.wav,1,0,1,0
2040-28062016_176.wav,0,0,1,0
2040-28062016_177.wav,1,1,0,0
2040-28062016_178.wav,0,0,1,0
2040-28062016_179.wav,1,1,0,0
2050-01052016_76.wav,1,0,1,0
2050-03072016_265.wav,0,0,1,0
2050-04052016_12.wav,1,0,1,0
2050-04052016_120.wav,1,0,1,0
2050-04052016_122.wav,0,0,0,1
2050-04052016_125.wav,1,0,0,0
2050-04052016_126.wav,0,0,0,1
2050-04052016_127.wav,1,0,0,0
2050-04052016_128.wav,1,0,0,0
2050-04052016_129.wav,1,0,0,0
2050-05052016_44.wav,1,0,1,0
2050-06072016_315.wav,0,0,0,1
2050-09052016_313.wav,0,0,0,1
2050-12072016_13.wav,0,0,1,0
2050-12072016_130.wav,1,1,0,0
2050-12072016_131.wav,0,0,0,1
2050-12072016_134.wav,0,1,1,0
2050-12072016_135.wav,1,1,0,0
2050-12072016_139.wav,1,0,0,0
2050-14052016_140.wav,1,0,0,0
2050-17042016_13.wav,1,0,1,0
2050-17042016_130.wav,1,0,0,0
2050-17042016_131.wav,0,0,0,1
2050-17042016_135.wav,1,0,0,0
2050-17042016_139.wav,0,0,0,1
2050-17052016_120.wav,1,0,1,0
2050-18062016_292.wav,0,0,1,0
2050-21062016_140.wav,1,1,0,0
2050-22032016_254.wav,1,0,0,0
2050-27062016_54.wav,1,1,0,0
2050-28042016_293.wav,0,1,0,0
2050-30072016_81.wav,0,1,0,0
2100-04072016_236.wav,0,0,1,0
2100-04072016_290.wav,1,0,0,0
2100-08062016_142.wav,0,0,0,1
2100-12072016_116.wav,1,0,1,0
2100-19042016_29.wav,0,0,1,0
2100-19042016_291.wav,0,0,1,0
2100-19042016_292.wav,1,0,0,0
2100-19042016_293.wav,1,0,0,0
2100-19042016_294.wav,0,0,1,0
2100-19042016_295.wav,1,0,1,0
2100-19042016_296.wav,1,0,0,0
2100-19042016_298.wav,0,0,1,0
2100-19042016_299.wav,1,0,1,0
2100-19062016_15.wav,0,1,0,0
2100-19062016_152.wav,1,1,0,0
2100-19062016_153.wav,1,0,0,0
2100-19062016_154.wav,1,0,0,0
2100-19062016_155.wav,1,1,0,0
2100-19062016_157.wav,0,1,1,0
2100-19062016_158.wav,0,1,0,0
2100-19062016_159.wav,0,1,1,0
2100-22052016_113.wav,0,0,1,0
2100-24052016_57.wav,0,0,0,1
2100-25042016_299.wav,0,0,1,0
2100-25062016_40.wav,1,0,1,0
2100-26042016_283.wav,1,0,1,0
2100-27052016_310.wav,0,0,0,1
2100-28042016_115.wav,1,0,1,0
2100-30042016_239.wav,0,0,0,1
2110-01032016_215.wav,1,0,0,0
2110-06032016_281.wav,1,0,1,0
2110-06042016_208.wav,0,0,0,1
2110-08052016_38.wav,0,0,0,1
2110-12052016_149.wav,0,0,1,0
2110-15062016_3.wav,1,0,0,0
2110-15062016_30.wav,1,0,1,0
2110-15062016_301.wav,0,0,0,1
2110-15062016_303.wav,1,0,0,0
2110-15062016_304.wav,0,0,1,0
2110-15062016_305.wav,0,0,0,1
2110-15062016_307.wav,0,0,1,0
2110-15062016_308.wav,0,0,1,0
2110-15062016_309.wav,0,0,1,0
2110-15062016_31.wav,1,0,0,0
2110-15062016_310.wav,0,0,1,0
2110-15062016_311.wav,1,0,0,0
2110-15062016_312.wav,1,0,0,0
2110-15062016_313.wav,1,0,0,0
2110-15062016_314.wav,0,0,0,1
2110-15062016_315.wav,1,0,0,0
2110-15062016_316.wav,0,0,1,0
2110-15062016_317.wav,0,1,0,0
2110-15062016_318.wav,1,0,0,0
2110-15062016_319.wav,0,0,0,1
2110-15062016_320.wav,1,0,0,0
2110-15062016_321.wav,0,1,1,0
2110-15062016_322.wav,0,0,0,1
2110-15062016_323.wav,1,0,0,0
2110-15062016_324.wav,0,0,0,1
2110-15062016_325.wav,0,0,1,0
2110-15062016_326.wav,1,0,1,0
2110-15062016_327.wav,0,0,0,1
2110-15062016_328.wav,1,0,0,0
2110-15062016_329.wav,1,1,0,0
2110-15062016_33.wav,1,0,0,0
2110-15062016_330.wav,0,0,1,0
2110-15062016_331.wav,1,1,1,0
2110-15062016_37.wav,1,0,0,0
2110-15062016_38.wav,0,1,0,0
2110-15062016_39.wav,1,0,1,0
2110-18032016_36.wav,1,0,1,0
2110-18062016_3.wav,1,0,0,0
2110-19072016_21.wav,0,0,1,0
2110-19072016_210.wav,1,1,0,0
2110-19072016_211.wav,0,1,0,0
2110-19072016_212.wav,1,1,0,0
2110-19072016_214.wav,0,1,0,0
2110-19072016_216.wav,0,1,0,0
2110-19072016_217.wav,1,1,0,0
2110-19072016_218.wav,1,1,1,0
2110-19072016_66.wav,1,0,0,0
2110-20072016_240.wav,0,1,0,0
2110-21032016_313.wav,1,0,1,0
2110-21052016_19.wav,1,0,1,0
2110-21052016_190.wav,0,0,0,1
2110-21052016_191.wav,0,0,0,1
2110-21052016_192.wav,0,0,0,1
2110-21052016_193.wav,1,0,0,0
2110-21052016_194.wav,0,0,1,0
2110-21052016_195.wav,1,0,0,0
2110-21052016_196.wav,1,1,0,0
2110-21052016_197.wav,0,0,0,1
2110-21052016_198.wav,1,0,0,0
2110-21052016_199.wav,0,0,0,1
2110-23052016_199.wav,0,0,0,1
2110-25072016_282.wav,1,1,0,0
2110-27052016_10.wav,1,0,0,0
2110-27052016_101.wav,1,1,0,0
2110-27052016_102.wav,1,1,0,0
2110-27052016_103.wav,1,0,0,0
2110-27052016_104.wav,1,1,1,0
2110-27052016_105.wav,0,1,0,0
2110-27052016_107.wav,1,0,0,0
2110-27052016_108.wav,1,0,1,0
2110-27052016_109.wav,1,1,0,0
2110-27052016_324.wav,1,0,0,0
2110-28062016_63.wav,1,0,0,0
2110-30062016_199.wav,1,0,0,0
2120-02072016_206.wav,1,0,0,0
2120-05042016_281.wav,1,0,0,0
2120-05062016_23.wav,1,0,1,0
2120-05062016_230.wav,0,0,1,0
2120-05062016_232.wav,0,0,1,0
2120-05062016_234.wav,0,0,1,0
2120-05062016_235.wav,0,1,1,0
2120-05062016_237.wav,0,0,1,0
2120-05062016_239.wav,1,0,0,0
2120-09052016_41.wav,1,0,0,0
2120-13052016_293.wav,1,0,0,0
2120-14052016_312.wav,1,0,1,0
2120-14052016_86.wav,0,0,1,0
2120-14062016_31.wav,0,0,0,1
2120-14062016_310.wav,1,0,0,0
2120-14062016_311.wav,1,0,0,0
2120-14062016_312.wav,1,0,1,0
2120-14062016_313.wav,1,0,0,0
2120-14062016_314.wav,0,0,1,0
2120-14062016_316.wav,0,0,0,1
2120-14062016_317.wav,1,0,0,0
2120-14062016_318.wav,1,0,0,0
2120-14062016_319.wav,0,0,0,1
2120-21032016_18.wav,1,0,0,0
2120-21032016_181.wav,1,0,0,0
2120-21032016_182.wav,0,0,1,0
2120-21032016_183.wav,1,0,0,0
2120-21032016_186.wav,0,0,1,0
2120-21042016_211.wav,0,0,0,1
2120-22072016_117.wav,0,1,0,0
2120-24072016_48.wav,1,1,0,0
2120-25072016_287.wav,0,1,1,0
2120-26052016_208.wav,0,0,0,1
2120-26062016_66.wav,1,0,0,0
2120-26072016_232.wav,0,1,0,0
2120-26072016_38.wav,0,1,1,0
2120-27062016_35.wav,0,0,1,0
2120-27062016_81.wav,0,0,0,1
2120-30052016_283.wav,1,0,0,0
2130-01042016_49.wav,0,0,1,0
2130-01052016_8.wav,1,0,0,0
2130-01052016_82.wav,1,0,0,0
2130-01052016_83.wav,1,0,0,0
2130-01052016_84.wav,1,0,0,0
2130-01052016_85.wav,1,0,0,0
2130-01052016_86.wav,1,0,1,0
2130-01052016_87.wav,1,0,0,0
2130-01052016_88.wav,0,1,0,0
2130-02062016_288.wav,1,0,1,0
2130-04062016_135.wav,1,0,1,0
2130-05072016_148.wav,0,1,1,0
2130-07052016_218.wav,0,0,0,1
2130-08062016_287.wav,1,0,0,0
2130-11052016_240.wav,1,0,1,0
2130-11062016_208.wav,0,0,0,1
2130-12042016_317.wav,0,1,1,0
2130-14032016_29.wav,1,0,0,0
2130-14032016_290.wav,1,0,0,0
2130-14032016_291.wav,0,0,0,1
2130-14032016_292.wav,1,0,0,0
2130-14032016_294.wav,1,0,0,0
2130-14032016_295.wav,1,0,1,0
2130-14032016_297.wav,0,0,0,1
2130-14032016_298.wav,1,0,0,0
2130-16072016_127.wav,1,0,0,0
2130-16072016_57.wav,0,1,0,0
2130-17052016_67.wav,1,0,0,0
2130-18042016_141.wav,0,0,0,1
2130-18052016_49.wav,0,0,1,0
2130-19072016_130.wav,1,1,0,0
2130-24062016_278.wav,0,0,1,0
2130-24062016_48.wav,0,0,1,0
2130-25062016_86.wav,0,0,1,0
2130-26042016_39.wav,1,0,1,0
2130-26052016_45.wav,1,0,0,0
2130-27072016_49.wav,1,1,0,0
2130-28052016_115.wav,1,0,0,0
2130-28052016_130.wav,0,0,0,1
2130-28062016_28.wav,0,0,1,0
2130-28062016_281.wav,1,0,0,0
2130-28062016_282.wav,0,0,0,1
2130-28062016_283.wav,1,0,0,0
2130-28062016_284.wav,1,1,0,0
2130-28062016_285.wav,0,0,0,1
2130-28062016_286.wav,0,0,1,0
2130-28062016_287.wav,1,0,0,0
2130-28062016_289.wav,1,0,0,0
2130-30052016_66.wav,1,0,0,0
2130-31072016_40.wav,1,0,1,0
2140-02062016_289.wav,0,0,1,0
2140-02062016_67.wav,1,0,1,0
2140-03042016_290.wav,0,0,0,1
2140-04062016_47.wav,0,0,1,0
2140-06072016_217.wav,1,0,0,0
2140-07062016_303.wav,1,0,0,0
2140-10062016_30.wav,1,0,1,0
2140-10062016_301.wav,0,0,0,1
2140-10062016_303.wav,1,0,0,0
2140-10062016_304.wav,1,0,0,0
2140-10062016_305.wav,0,0,0,1
2140-10062016_307.wav,0,1,1,0
2140-10062016_308.wav,0,1,1,0
2140-10062016_309.wav,1,0,0,0
2140-11062016_128.wav,1,0,0,0
2140-13052016_68.wav,0,0,1,0
2140-14042016_19.wav,0,0,1,0
2140-14042016_190.wav,0,0,0,1
2140-14042016_191.wav,0,0,0,1
2140-14042016_192.wav,0,0,0,1
2140-14042016_193.wav,1,1,0,0
2140-14042016_194.wav,0,0,0,1
2140-14042016_195.wav,1,0,0,0
2140-14042016_196.wav,1,0,0,0
2140-14042016_197.wav,1,0,0,0
2140-14042016_198.wav,1,0,0,0
2140-14042016_199.wav,1,0,0,0
2140-16052016_45.wav,1,0,1,0
2140-17062016_312.wav,1,0,0,0
2140-17062016_86.wav,1,0,0,0
2140-22052016_324.wav,0,0,1,0
2140-23052016_142.wav,0,0,0,1
2140-25062016_224.wav,0,0,1,0
2140-25072016_129.wav,0,1,1,0
2140-26052016_10.wav,0,0,0,1
2140-26052016_101.wav,0,1,0,0
2140-26052016_103.wav,0,0,1,0
2140-26052016_104.wav,0,1,1,0
2140-26052016_105.wav,0,1,1,0
2140-26052016_107.wav,0,0,0,1
2140-26052016_108.wav,0,1,1,0
2140-26052016_109.wav,0,1,1,0
2140-29072016_36.wav,0,1,0,0
2150-04072016_19.wav,1,0,1,0
2150-04072016_190.wav,1,0,0,0
2150-04072016_192.wav,1,0,0,0
2150-04072016_193.wav,1,1,0,0
2150-04072016_194.wav,0,0,0,1
2150-04072016_196.wav,1,0,0,0
2150-04072016_197.wav,0,0,0,1
2150-04072016_198.wav,1,1,0,0
2150-04072016_199.wav,0,0,0,1
2150-06062016_68.wav,1,0,1,0
2150-07042016_265.wav,0,0,0,1
2150-09042016_143.wav,1,0,0,0
2150-13072016_235.wav,1,0,0,0
2150-14052016_254.wav,0,0,0,1
2150-16042016_210.wav,0,0,0,1
2150-18062016_235.wav,1,0,0,0
2150-18072016_107.wav,0,1,0,0
2150-20062016_261.wav,0,0,1,0
2150-21052016_67.wav,1,0,0,0
2150-22072016_296.wav,1,0,0,0
2150-24072016_187.wav,1,1,0,0
2150-25042016_326.wav,0,0,1,0
2150-26052016_274.wav,1,0,0,0
2150-27062016_4.wav,1,0,0,0
2150-27062016_41.wav,1,0,0,0
2150-27062016_42.wav,1,0,0,0
2150-27062016_44.wav,1,0,1,0
2150-27062016_45.wav,0,0,0,1
2150-27062016_46.wav,0,0,1,0
2150-27062016_47.wav,1,0,1,0
2150-27062016_48.wav,1,0,1,0
2150-27062016_49.wav,0,1,1,0
2150-29042016_22.wav,1,0,1,0
2150-29042016_220.wav,0,0,0,1
2150-29042016_221.wav,1,0,0,0
2150-29042016_222.wav,0,0,0,1
2150-29042016_223.wav,1,0,0,0
2150-29042016_224.wav,1,0,0,0
2150-29042016_225.wav,0,0,0,1
2150-29042016_226.wav,0,1,1,0
2150-29042016_227.wav,0,0,0,1
2150-29042016_228.wav,1,0,1,0
2150-29042016_229.wav,1,0,0,0
2150-30052016_30.wav,0,0,0,1
2150-30052016_301.wav,1,0,0,0
2150-30052016_303.wav,1,0,0,0
2150-30052016_304.wav,1,0,0,0
2150-30052016_305.wav,0,0,0,1
2150-30052016_307.wav,1,1,0,0
2150-30052016_308.wav,1,0,0,0
2150-30052016_309.wav,0,0,0,1
2200-01042016_18.wav,0,0,0,1
2200-01042016_181.wav,0,0,0,1
2200-01042016_183.wav,1,0,1,0
2200-01042016_186.wav,0,0,0,1
2200-01072016_3.wav,1,0,0,0
2200-01072016_313.wav,0,0,0,1
2200-05072016_250.wav,0,0,1,0
2200-05072016_251.wav,0,0,1,0
2200-05072016_252.wav,0,0,1,0
2200-05072016_255.wav,1,0,1,0
2200-05072016_256.wav,1,0,0,0
2200-05072016_257.wav,1,0,0,0
2200-05072016_258.wav,1,0,0,0
2200-05072016_259.wav,0,0,1,0
2200-06052016_19.wav,0,0,1,0
2200-06052016_190.wav,0,0,0,1
2200-06052016_191.wav,0,0,0,1
2200-06052016_192.wav,0,0,0,1
2200-06052016_193.wav,1,0,1,0
2200-06052016_194.wav,0,0,1,0
2200-06052016_195.wav,0,0,0,1
2200-06052016_196.wav,1,1,1,0
2200-06052016_197.wav,0,0,0,1
2200-06052016_198.wav,1,0,1,0
2200-06052016_199.wav,0,0,0,1
2200-08072016_224.wav,1,0,1,0
2200-09052016_277.wav,0,0,1,0
2200-13052016_287.wav,0,0,1,0
2200-13062016_22.wav,1,0,0,0
2200-13062016_220.wav,0,0,0,1
2200-13062016_221.wav,1,0,0,0
2200-13062016_223.wav,0,0,0,1
2200-13062016_224.wav,0,0,1,0
2200-13062016_225.wav,0,0,0,1
2200-13062016_226.wav,0,1,0,0
2200-13062016_227.wav,0,0,0,1
2200-13062016_228.wav,0,0,0,1
2200-13062016_229.wav,1,0,1,0
2200-13072016_286.wav,0,0,0,1
2200-14052016_326.wav,0,0,1,0
2200-15032016_285.wav,1,0,0,0
2200-16052016_54.wav,0,0,1,0
2200-17062016_12.wav,1,0,0,0
2200-17062016_120.wav,1,0,1,0
2200-17062016_122.wav,0,0,1,0
2200-17062016_124.wav,0,0,0,1
2200-17062016_125.wav,1,0,0,0
2200-17062016_127.wav,0,0,1,0
2200-17062016_128.wav,1,0,0,0
2200-17062016_129.wav,0,0,1,0
2200-18062016_326.wav,0,0,1,0
2200-22042016_135.wav,1,0,1,0
2200-22062016_231.wav,0,0,0,1
2200-23032016_148.wav,0,0,0,1
2200-25062016_13.wav,0,0,1,0
2200-25062016_130.wav,0,0,1,0
2200-25062016_131.wav,1,0,0,0
2200-25062016_134.wav,0,0,1,0
2200-25062016_135.wav,0,0,1,0
2200-25062016_139.wav,0,0,0,1
2200-25062016_21.wav,0,1,1,0
2200-25062016_210.wav,0,0,1,0
2200-25062016_211.wav,1,0,1,0
2200-25062016_212.wav,0,0,1,0
2200-25062016_214.wav,0,0,1,0
2200-25062016_216.wav,0,0,1,0
2200-25062016_217.wav,1,0,1,0
2200-25062016_218.wav,0,0,1,0
2200-29062016_127.wav,0,0,1,0
2210-01042016_142.wav,0,0,0,1
2210-01042016_15.wav,0,0,1,0
2210-01042016_152.wav,0,0,1,0
2210-01042016_154.wav,0,0,0,1
2210-01042016_157.wav,0,0,1,0
2210-01042016_158.wav,0,0,0,1
2210-01042016_159.wav,0,0,0,1
2210-04072016_66.wav,1,0,0,0
2210-05042016_86.wav,0,0,1,0
2210-06032016_261.wav,0,0,0,1
2210-06042016_43.wav,1,0,0,0
2210-07062016_187.wav,1,0,1,0
2210-08062016_283.wav,0,0,1,0
2210-12052016_288.wav,0,0,1,0
2210-13032016_120.wav,1,0,0,0
2210-13032016_220.wav,0,0,0,1
2210-13072016_231.wav,0,0,0,1
2210-14042016_216.wav,1,1,0,0
2210-15072016_220.wav,0,0,0,1
2210-17072016_311.wav,0,0,1,0
2210-18072016_261.wav,0,0,0,1
2210-20052016_235.wav,0,0,0,1
2210-22062016_286.wav,1,0,1,0
2210-22062016_296.wav,1,0,0,0
2210-25052016_311.wav,0,0,0,1
2210-28062016_216.wav,0,1,0,0
2210-31052016_41.wav,1,0,0,0
2210-31072016_35.wav,1,0,0,0
2220-04062016_10.wav,1,0,0,0
2220-04062016_101.wav,1,0,0,0
2220-04062016_102.wav,0,1,0,0
2220-04062016_103.wav,1,0,0,0
2220-04062016_104.wav,1,1,0,0
2220-04062016_105.wav,0,1,1,0
2220-04062016_107.wav,0,0,0,1
2220-04062016_108.wav,1,1,0,0
2220-04062016_109.wav,0,1,0,0
2220-04062016_223.wav,1,1,0,0
2220-08062016_107.wav,1,0,0,0
2220-09062016_240.wav,1,0,1,0
2220-13052016_66.wav,1,0,0,0
2220-16072016_211.wav,1,1,0,0
2220-17032016_210.wav,1,0,0,0
2220-17062016_265.wav,0,0,0,1
2220-18072016_283.wav,0,1,0,0
2220-20062016_12.wav,1,0,1,0
2220-20062016_120.wav,1,0,1,0
2220-20062016_122.wav,0,0,1,0
2220-20062016_124.wav,0,0,0,1
2220-20062016_125.wav,1,0,0,0
2220-20062016_127.wav,0,0,0,1
2220-20062016_128.wav,1,0,0,0
2220-20062016_129.wav,0,0,1,0
2220-21032016_217.wav,1,0,1,0
2220-22052016_317.wav,0,0,1,0
2220-23042016_296.wav,0,0,0,1
2220-24052016_6.wav,0,0,1,0
2220-24052016_60.wav,0,1,0,0
2220-24052016_64.wav,1,1,0,0
2220-24052016_65.wav,0,0,0,1
2220-24052016_66.wav,1,0,1,0
2220-24052016_67.wav,1,0,1,0
2220-24052016_68.wav,1,0,1,0
2220-24052016_69.wav,1,0,0,0
2220-25042016_285.wav,0,0,1,0
2220-25052016_7.wav,0,0,0,1
2220-25052016_70.wav,1,0,1,0
2220-25052016_71.wav,0,0,0,1
2220-25052016_72.wav,0,0,1,0
2220-25052016_73.wav,0,0,0,1
2220-25052016_74.wav,0,0,1,0
2220-25052016_75.wav,1,1,0,0
2220-25052016_76.wav,1,0,1,0
2220-25052016_78.wav,1,0,0,0
2220-27042016_12.wav,1,0,0,0
2220-27042016_120.wav,1,0,0,0
2220-27042016_122.wav,0,0,1,0
2220-27042016_125.wav,0,0,0,1
2220-27042016_126.wav,1,0,0,0
2220-27042016_127.wav,0,0,0,1
2220-27042016_128.wav,1,0,0,0
2220-27042016_129.wav,0,0,0,1
2220-29062016_66.wav,0,0,0,1
2220-30062016_233.wav,1,1,0,0
2220-30062016_239.wav,0,0,0,1
2220-30062016_81.wav,1,0,0,0
2220-31052016_278.wav,0,0,1,0
2230-02072016_265.wav,0,0,1,0
2230-03052016_86.wav,0,0,1,0
2230-05072016_46.wav,0,0,1,0
2230-06042016_67.wav,0,0,0,1
2230-09052016_206.wav,1,0,1,0
2230-11062016_39.wav,0,0,1,0
2230-16052016_149.wav,0,0,0,1
2230-17052016_212.wav,0,0,0,1
2230-17062016_61.wav,0,0,0,1
2230-19072016_63.wav,0,0,1,0
2230-20062016_315.wav,0,0,1,0
2230-23052016_31.wav,0,0,1,0
2230-23052016_310.wav,0,0,1,0
2230-23052016_311.wav,0,0,1,0
2230-23052016_312.wav,0,0,1,0
2230-23052016_313.wav,0,0,1,0
2230-23052016_315.wav,0,0,0,1
2230-23052016_316.wav,1,0,1,0
2230-23052016_317.wav,1,0,1,0
2230-23052016_318.wav,1,0,0,0
2230-23052016_319.wav,0,0,0,1
2230-25052016_147.wav,1,0,0,0
2230-26032016_199.wav,1,0,0,0
2230-26062016_18.wav,0,0,1,0
2230-26062016_181.wav,0,0,1,0
2230-26062016_182.wav,0,0,0,1
2230-26062016_183.wav,0,0,0,1
2230-26062016_184.wav,0,1,0,0
2230-26062016_185.wav,0,0,0,1
2230-26062016_186.wav,1,0,0,0
2230-26062016_187.wav,1,0,1,0
2230-26062016_188.wav,0,1,0,0
2230-28042016_128.wav,1,0,0,0
2230-28042016_187.wav,1,0,0,0
2230-30062016_117.wav,1,0,1,0
2240-03042016_292.wav,0,0,1,0
2240-09072016_299.wav,1,0,0,0
2240-13062016_147.wav,0,0,1,0
2240-16072016_239.wav,0,0,0,1
2240-18072016_88.wav,0,0,0,1
2240-21052016_325.wav,0,0,1,0
2240-22032016_40.wav,1,0,0,0
2240-22062016_231.wav,0,0,0,1
2240-24062016_4.wav,0,0,1,0
2240-24062016_40.wav,0,0,1,0
2240-24062016_41.wav,0,0,1,0
2240-24062016_42.wav,1,0,0,0
2240-24062016_44.wav,0,0,1,0
2240-24062016_45.wav,0,0,1,0
2240-24062016_46.wav,0,0,1,0
2240-24062016_47.wav,0,0,1,0
2240-24062016_48.wav,0,0,1,0
2240-24062016_49.wav,0,0,1,0
2240-25062016_212.wav,0,0,1,0
2240-31032016_12.wav,0,0,1,0
2240-31032016_120.wav,1,0,0,0
2240-31032016_124.wav,0,0,0,1
2240-31032016_125.wav,0,0,0,1
2240-31032016_126.wav,0,0,0,1
2240-31032016_127.wav,0,0,0,1
2250-01052016_233.wav,0,0,1,0
2250-02072016_317.wav,1,0,1,0
2250-04072016_303.wav,1,0,0,0
2250-05042016_215.wav,1,0,1,0
2250-09062016_206.wav,1,0,0,0
2250-09072016_214.wav,0,1,0,0
2250-10062016_312.wav,0,0,1,0
2250-10072016_293.wav,1,0,0,0
2250-12072016_127.wav,0,1,0,0
2250-12072016_135.wav,1,1,0,0
2250-13072016_128.wav,1,1,0,0
2250-17062016_315.wav,1,0,1,0
2250-18062016_143.wav,0,0,0,1
2250-19062016_57.wav,1,0,0,0
2250-20032016_237.wav,0,0,1,0
2250-21032016_171.wav,1,0,0,0
2250-22042016_199.wav,0,0,0,1
2250-22062016_229.wav,1,0,0,0
2250-23072016_233.wav,1,1,1,0
2250-26062016_209.wav,1,0,0,0
2250-27052016_128.wav,1,0,0,0
2250-27052016_220.wav,0,0,0,1
2250-29042016_42.wav,1,0,0,0
2250-30052016_229.wav,0,0,0,1
2250-30062016_296.wav,1,0,0,0
2300-05072016_107.wav,0,1,0,0
2300-05072016_187.wav,1,0,1,0
2300-06072016_15.wav,0,1,0,0
2300-06072016_152.wav,0,0,1,0
2300-06072016_153.wav,0,0,1,0
2300-06072016_154.wav,0,0,1,0
2300-06072016_155.wav,1,0,0,0
2300-06072016_158.wav,0,0,1,0
2300-06072016_159.wav,0,0,1,0
2300-08072016_210.wav,0,0,0,1
2300-17052016_118.wav,1,0,0,0
2300-17072016_3.wav,1,0,0,0
2300-17072016_301.wav,1,0,0,0
2300-17072016_303.wav,0,0,0,1
2300-17072016_304.wav,0,0,0,1
2300-17072016_305.wav,0,0,0,1
2300-17072016_306.wav,0,1,1,0
2300-17072016_307.wav,1,0,1,0
2300-17072016_308.wav,0,0,1,0
2300-17072016_309.wav,0,0,0,1
2300-17072016_31.wav,1,0,0,0
2300-17072016_310.wav,0,0,0,1
2300-17072016_311.wav,0,0,1,0
2300-17072016_312.wav,0,0,0,1
2300-17072016_313.wav,0,0,0,1
2300-17072016_314.wav,0,0,0,1
2300-17072016_315.wav,0,0,1,0
2300-17072016_316.wav,1,1,0,0
2300-17072016_317.wav,0,0,0,1
2300-17072016_318.wav,1,0,0,0
2300-17072016_319.wav,0,0,0,1
2300-17072016_32.wav,1,0,0,0
2300-17072016_320.wav,1,1,1,0
2300-17072016_321.wav,0,0,0,1
2300-17072016_322.wav,0,0,0,1
2300-17072016_323.wav,0,0,0,1
2300-17072016_324.wav,0,0,1,0
2300-17072016_325.wav,0,0,0,1
2300-17072016_326.wav,0,0,1,0
2300-17072016_328.wav,0,0,0,1
2300-17072016_329.wav,0,1,0,0
2300-17072016_330.wav,0,1,1,0
2300-17072016_331.wav,1,0,0,0
2300-17072016_35.wav,0,0,1,0
2300-17072016_36.wav,0,0,1,0
2300-17072016_37.wav,0,0,0,1
2300-17072016_38.wav,0,0,1,0
2300-17072016_39.wav,1,0,1,0
2300-19062016_67.wav,1,0,0,0
2300-22032016_223.wav,1,0,0,0
2300-22032016_45.wav,0,0,0,1
2300-22072016_17.wav,1,0,0,0
2300-22072016_170.wav,1,0,0,0
2300-22072016_171.wav,1,0,0,0
2300-22072016_172.wav,1,1,0,0
2300-22072016_173.wav,0,0,0,1
2300-22072016_174.wav,1,1,0,0
2300-22072016_176.wav,0,0,0,1
2300-22072016_177.wav,1,1,0,0
2300-22072016_178.wav,0,0,0,1
2300-22072016_179.wav,1,0,0,0
2300-24042016_72.wav,0,0,0,1
2300-28062016_303.wav,0,0,1,0
2310-02062016_206.wav,1,0,1,0
2310-05032016_141.wav,0,0,0,1
2310-06072016_290.wav,1,0,0,0
2310-08062016_293.wav,1,0,0,0
2310-09062016_148.wav,1,0,1,0
2310-12052016_240.wav,0,0,1,0
2310-17032016_235.wav,0,0,0,1
2310-18072016_315.wav,1,0,0,0
2310-20042016_310.wav,1,0,0,0
2310-22032016_142.wav,1,0,1,0
2310-23062016_24.wav,1,0,1,0
2310-23062016_240.wav,1,0,1,0
2310-23062016_241.wav,1,0,0,0
2310-23062016_242.wav,1,0,0,0
2310-23062016_244.wav,1,0,1,0
2310-23062016_245.wav,1,0,0,0
2310-23062016_247.wav,1,0,0,0
2310-26042016_148.wav,1,0,0,0
2310-27062016_236.wav,1,0,1,0
2310-28062016_128.wav,1,0,0,0
2310-28062016_3.wav,1,0,0,0
2310-28062016_301.wav,0,0,0,1
2310-28062016_303.wav,0,0,1,0
2310-28062016_304.wav,0,0,0,1
2310-28062016_305.wav,0,0,0,1
2310-28062016_306.wav,0,0,1,0
2310-28062016_307.wav,1,0,0,0
2310-28062016_308.wav,0,0,1,0
2310-28062016_309.wav,0,0,0,1
2310-28062016_31.wav,1,0,0,0
2310-28062016_310.wav,0,0,1,0
2310-28062016_311.wav,0,0,1,0
2310-28062016_312.wav,0,0,1,0
2310-28062016_313.wav,0,0,1,0
2310-28062016_314.wav,0,0,0,1
2310-28062016_315.wav,0,0,1,0
2310-28062016_316.wav,0,0,1,0
2310-28062016_317.wav,0,0,1,0
2310-28062016_318.wav,1,0,0,0
2310-28062016_319.wav,0,0,0,1
2310-28062016_32.wav,0,0,0,1
2310-28062016_320.wav,0,1,1,0
2310-28062016_321.wav,0,0,0,1
2310-28062016_322.wav,0,0,1,0
2310-28062016_323.wav,0,0,1,0
2310-28062016_324.wav,0,0,1,0
2310-28062016_325.wav,0,0,1,0
2310-28062016_326.wav,1,0,1,0
2310-28062016_327.wav,1,0,1,0
2310-28062016_328.wav,1,0,0,0
2310-28062016_329.wav,0,0,1,0
2310-28062016_330.wav,0,0,1,0
2310-28062016_331.wav,1,1,0,0
2310-28062016_35.wav,0,0,1,0
2310-28062016_36.wav,0,0,1,0
2310-28062016_37.wav,0,0,0,1
2310-28062016_38.wav,0,0,0,1
2310-28062016_39.wav,1,0,1,0
2310-29042016_287.wav,1,0,0,0
2310-31052016_218.wav,0,0,0,1
2320-01042016_23.wav,0,0,1,0
2320-01042016_230.wav,0,0,0,1
2320-01042016_231.wav,0,0,0,1
2320-01042016_232.wav,1,0,0,0
2320-01042016_233.wav,0,0,1,0
2320-01042016_234.wav,0,0,1,0
2320-01042016_235.wav,1,0,0,0
2320-01042016_239.wav,0,0,0,1
2320-01072016_220.wav,0,0,1,0
2320-02072016_211.wav,0,0,0,1
2320-03072016_115.wav,1,0,0,0
2320-10032016_127.wav,1,0,0,0
2320-11072016_36.wav,0,0,1,0
2320-12052016_143.wav,1,0,0,0
2320-13062016_234.wav,0,0,1,0
2320-15072016_130.wav,1,0,0,0
2320-15072016_4.wav,1,0,1,0
2320-15072016_41.wav,0,0,0,1
2320-15072016_42.wav,1,0,0,0
2320-15072016_43.wav,1,0,1,0
2320-15072016_44.wav,1,0,1,0
2320-15072016_45.wav,1,0,0,0
2320-15072016_46.wav,0,0,1,0
2320-15072016_47.wav,1,0,1,0
2320-15072016_48.wav,1,0,1,0
2320-15072016_49.wav,1,0,0,0
2320-16072016_113.wav,0,0,1,0
2320-16072016_147.wav,0,1,0,0
2320-18042016_120.wav,0,0,1,0
2320-19072016_230.wav,0,0,0,1
2320-21072016_22.wav,1,0,0,0
2320-21072016_220.wav,0,1,0,0
2320-21072016_221.wav,1,0,0,0
2320-21072016_223.wav,1,1,0,0
2320-21072016_224.wav,1,1,1,0
2320-21072016_226.wav,0,0,1,0
2320-21072016_227.wav,0,0,0,1
2320-21072016_228.wav,0,1,1,0
2320-21072016_229.wav,1,0,1,0
2320-22072016_67.wav,0,0,1,0
2320-23062016_46.wav,0,0,1,0
2320-24062016_211.wav,1,0,0,0
2320-27062016_17.wav,0,0,0,1
2320-27062016_170.wav,1,0,0,0
2320-27062016_171.wav,0,0,0,1
2320-27062016_172.wav,1,0,0,0
2320-27062016_173.wav,0,0,0,1
2320-27062016_174.wav,1,1,0,0
2320-27062016_176.wav,0,0,1,0
2320-27062016_177.wav,0,0,1,0
2320-27062016_178.wav,0,0,1,0
2320-27062016_179.wav,0,0,0,1
2320-29062016_210.wav,1,0,0,0
2320-30072016_44.wav,1,1,1,0
2320-31052016_42.wav,1,0,0,0
2330-02072016_140.wav,1,0,0,0
2330-06032016_225.wav,1,0,0,0
2330-06042016_32.wav,0,1,0,0
2330-06042016_321.wav,0,0,1,0
2330-06042016_322.wav,0,0,0,1
2330-06042016_324.wav,1,0,0,0
2330-06042016_325.wav,1,0,1,0
2330-06042016_326.wav,0,0,1,0
2330-06042016_329.wav,0,0,1,0
2330-07042016_41.wav,1,0,0,0
2330-07062016_232.wav,0,0,0,1
2330-08072016_206.wav,1,0,0,0
2330-09072016_296.wav,1,0,0,0
2330-12072016_141.wav,0,1,0,0
2330-14062016_48.wav,0,0,0,1
2330-16062016_127.wav,0,0,1,0
2330-17032016_230.wav,0,0,1,0
2330-25052016_57.wav,0,0,0,1
2330-25062016_57.wav,0,1,0,0
2330-26062016_31.wav,0,0,0,1
2330-26062016_310.wav,0,0,0,1
2330-26062016_311.wav,0,1,0,0
2330-26062016_312.wav,0,0,0,1
2330-26062016_313.wav,0,0,0,1
2330-26062016_314.wav,0,0,0,1
2330-26062016_315.wav,0,0,1,0
2330-26062016_316.wav,0,0,1,0
2330-26062016_317.wav,0,0,1,0
2330-26062016_318.wav,1,0,0,0
2330-26062016_319.wav,0,0,0,1
2330-28062016_220.wav,0,0,0,1
2330-29062016_142.wav,0,0,0,1
2340-09042016_282.wav,0,0,0,1
2340-12042016_218.wav,0,0,0,1
2340-14062016_120.wav,1,0,0,0
2340-14062016_23.wav,0,0,1,0
2340-14062016_230.wav,0,0,0,1
2340-14062016_232.wav,1,0,0,0
2340-14062016_234.wav,0,0,0,1
2340-14062016_235.wav,1,0,0,0
2340-14062016_237.wav,1,0,1,0
2340-14062016_239.wav,0,0,0,1
2340-17062016_317.wav,0,0,1,0
2340-17062016_324.wav,0,0,1,0
2340-17072016_223.wav,1,0,0,0
2340-19072016_72.wav,0,0,1,0
2340-21072016_13.wav,1,0,0,0
2340-21072016_130.wav,0,1,0,0
2340-21072016_131.wav,0,1,0,0
2340-21072016_134.wav,1,0,0,0
2340-21072016_139.wav,1,0,0,0
2340-23072016_224.wav,0,1,0,0
2340-24062016_290.wav,1,0,0,0
2340-24072016_240.wav,0,1,0,0
2340-24072016_57.wav,1,1,0,0
2340-25062016_239.wav,0,0,0,1
2350-05072016_277.wav,0,0,0,1
2350-06052016_282.wav,0,0,0,1
2350-09052016_199.wav,0,0,0,1
2350-09052016_49.wav,0,0,1,0
2350-09062016_214.wav,0,0,1,0
2350-10042016_171.wav,0,0,0,1
2350-10062016_187.wav,1,0,1,0
2350-16062016_254.wav,0,0,1,0
2350-17042016_129.wav,1,0,0,0
2350-17072016_19.wav,0,0,1,0
2350-17072016_190.wav,1,0,0,0
2350-17072016_192.wav,1,0,0,0
2350-17072016_193.wav,1,1,1,0
2350-17072016_194.wav,0,0,1,0
2350-17072016_197.wav,1,0,0,0
2350-17072016_198.wav,0,1,0,0
2350-17072016_199.wav,1,0,0,0
2350-18072016_218.wav,0,0,0,1
2350-21062016_278.wav,0,0,1,0
2350-22072016_292.wav,0,0,0,1
2350-23062016_218.wav,1,0,0,0
2350-24042016_48.wav,0,0,1,0
2350-25052016_22.wav,1,0,0,0
2350-25052016_220.wav,0,0,0,1
2350-25052016_221.wav,1,0,0,0
2350-25052016_222.wav,0,1,0,0
2350-25052016_223.wav,0,0,0,1
2350-25052016_224.wav,0,0,0,1
2350-25052016_225.wav,0,0,0,1
2350-25052016_226.wav,0,1,1,0
2350-25052016_227.wav,0,0,0,1
2350-25052016_228.wav,0,0,0,1
2350-25052016_229.wav,0,0,0,1
2350-27042016_289.wav,0,0,0,1
2350-28032016_28.wav,0,0,1,0
2350-28032016_281.wav,0,0,0,1
2350-28032016_282.wav,0,0,1,0
2350-28032016_284.wav,0,0,1,0
2350-28032016_285.wav,0,0,0,1
2350-28052016_120.wav,1,0,1,0
